,Comment
0,It's so good to work out .thank you for sharing us.from New Zealand ????
1, Ҷ   ְε߰߰ ￡   ذ   ϰ ϴä ؿ~^^
2,ð ǽŴٸ 㸮ũ ִ  ϸ   ƾ ֽ  ѹ Ź帳ϴ٢
3, ¥ ؼ׿ ¥ ¼뷡 ƴ϶ ְִ ǵ մϴ
4,Ȩ Ҹ ұ ϴٰ ó 10  ٷ  ѽñ  Ѿ!!! ¥ ｺ  ˾Ҿ 
5,¥ 뷡 ʹ ׿^^
6, Ƽϰ &ŷϴ 50ֺε 㸮ũ  Ѱ谡ֳ׿.  ݱ   ٸڼ 㸮  Ʈ Կ ɹ׿. .׷  Ʈƾֽ ھ.մϴ!
7,6ųι ϴµ  ׿   Ʈ ̶ ߸´µ
8,Ҷ  ϰ ׳    ΰ ƴ~
9,뷡 ¥ ų ׿^^ п Ʈŷϰ Ծ մϴ^^
10,  ù   ϴ      Ҳϳ׿ ̷ ÷̸Ʈ ö  ƿ
11,Ÿٰ ؼ  15и ϴ.  ޷Ⱦ䤻 ̽ ȵɸŭ ų ̳׿.  Ҽ ȭ!
12,뷡  ׿^^
13,п ̰ ߽ϴ
14,  ϴ ε  ܺԿ䤾
15,ڱ   ϴ~!!
16,  ƿ     ̳׿
17,̵ ȿ ̿~^^..ʹ ׿!!
18,ũ..Ǹ Ϻð  𸣰 մϴ
19,̰ ̿... Ҷ  Ʈ  ã־µ ФФ  ҰԿ Ƶ巹 ¯¯!!  30 ٰ Ʈ ϸ ̿
20,¥ ʹ ų !!!!
21,п ų մϴ! ><
22,ø Ÿ...!    غ    򳪴  ƴ±
23,ۺ ~~~ſ  ٵ ~
24,Ʈϸ鼭ֽϴٰ ｺ ε̰ ų մϴԿ  Ȱ¼Դϴ
25,õ п ſ .   .մϴ
26,ο 뷡  ٷ Ϸ~~~
27,뷡  հ ų  ϱ ~
28,뷡¥ƿ ͺ¯
29, Ƽ   鼭ҵ ;   ų ƿ °  ؼ ｺ ϴ°  ູϰ  ؾ  ð  ִ ð 2ð  װ ϴ½ð̾ Ф ¥ϰ Ϸ縦µ  ¯
30, Ҷ ڵ ãԵǴ ǵԴϴ~׺ ~
31,!!!  ƿ^^
32,뷡 ¥  ͵鸸 ֳ׿!!!!!!!!!մϴ!!!!!!!!!!!!!!!!!
33, Ѵ 鼭 7Ű    ȴٰ 쿬 ˻ؼ Ʋµ ѳ ~±¤
34,Ҷ ϱ ׿
35,Ҷ׻.־ʹƿ
36,¥   ۽ 뷡  
37,ְ??컶 ׸ӽ ̰ ޷Ⱦ
38, ȸ µ 뷡 ٿ ް ͳ׿ 뷡 մϴ
39,~~~ų~ϰڴµ~~~?
40,"̺....."".. ..ٰ߽ϴ"
41,   뷡 :3
42,ʹƿ. մϴ
43, п  ϰִµ 
44,뷡 ƿ~~
45,   ٷ   ^^
46,.. ٵϱ  ־ϴ մϴ ..
47,Ƶ  뷡 ֳ~ Ĺݵ  뷡 ϱ~~
48, ϸ鼭 뷡 µ ų
49,뷡 6° Դϴ~^_^
50,ù ƿ.ڸ鼭 Կ!
51,ְԴϴ!!!
52, ְ !
53,̰ɷ ̾Ʈ ҷ!   մϴ
54,ʹ ƾƤƤƾƾƾƤƾ
55, ̷ 뷡  ´ ? 
56,մϴ Ҷ ͺ뷡 ƿ
57,¥ ̰ŸѰ . ׸ӽ ۶ 
58,"  帲ĳ break the wall 䰡翡  Ͼ, ٽ Ͼ  ſŸ 鶧   ־䤻ǵ G"
59, ο  ο  Ȱ     ٶ  ߰ٴ
60,   ֽϴ 
61,¯̴ ¥ 10 ؾ
62,츮 ｺ嵵 ͺ 뷡 Ʋ??
63,  ߴµ  п ޸ϴ~~ ~~
64,뷡 ƿ 
65,ͺ ħ  پϴ. 뷡  ^^*
66,վ˿ Ʋִ ｺ   ſٵ
67,̷  ȿ
68,뷡 û ̳׿!!
69,̻ ʹ ϳ׿.
70,뷡
71, ٱ濡 ϸ鼭 Կ䤻ǰ ư 
72,ѽð¥ ̴ 2 
73,̳뷡 ֳѱ 150ѰԤ  
74,׻   ϰԵ 
75,ļ ù Ƶ巹 ջ!!
76,  Ʋٰ  õ  ִ  ..
77, Ʋµ  ׿ ~ǵ
78, ù ƿ տպ~~!!!
79,ٵ   뷡 Ǵ п   Ȱ? Ф
80,뷡 鼭 λ  Ȱ ֽϴ. ų׿
81, 뷡  뷡 Ƽ 
82,ù ڸ  ӳ- ٷ ƿ 
83,~  Ծµ ȭ  Կ~
84, ̰ Ҷ 質?
85,41:57  뷡  Geometry dash Lite ӿ    ͼ ..
86,ù° 뷡   ּ̤
87,Ϻ ٷ ڽϴ
88,ͺ ٴ   ׷ 57:41ʱ 
89,ù° 뷡     뷡 ؿ
90,1:07:40  ݺ
91, 淯~~~~~~~~~~~   µ  ħ ü ߰ڴ
92,10/31 2:10 ~ 8:31~13:40
93,̷     ..
94,̰  
95,ϵ ߰ٱ
96,뷡 
97,  ų ɾԽϴ^^
98,̹  ̾Ʈ Ѵ...
99,뷡ٰ ̴ °Ż Ȱ ٺ ϴ  ¦Ž̸°     Խϴ
100,˻ؼ ø ã ־ٰ 
101,ֵ   ٸ鼭  ä 뷡 ϴ մϴ.~
102,ư ^^
103,  ̹ ¥ Ѵ  
104,ϰ ֽϴ.~~
105, 
106,ٴ edm̶ ΤФ
107,  ˰  ̴
108, ߿  ?  ڷγ ?  ｺ忡  Ѹ ׿    ¡ 
109,  ̷  
110,̷ Ʈ ´ٰ?ʳ?
111,ũ
113,  ̰ غԿ
114,δݸ ȭϰڽϴ
115,
116,ϰ Ϸ ±  2
117,ü 
118,׷ ٷ ̰ž
119,ϽŰ  ŷ޳׿
120,ͺ   Ұ ~~
121,  ÿϰ Դµ  ڽϴ~3
122, ڰ ó ̶ ̲ Խϴ
123,   1ð  Ͻ
124,  ....
125, ¥?
126,21.12.06 ⼮ 1
127, ٴµ ٷζ
128,2/288:41
129,  Խϴ٤
130,    ü  ȵ.........̳ ̽ɵ  ũũũũũũũũũ
131, ٸ鼭.. ڸ  µ
132,  ȵǳפ
133, ̻ؿ ߻
134, ? ߵ 
135," , ѱ ε ÷̸Ʈ ¥ֽø....ȵǰ? Ф ٻѽôϱ...? Ф ..."
136,մϴ. ˴
137,ĩ ĩ εĩ
138,
139,  @.@
140," , ʶ׽   γװ ȿ ϼ!  ûϸ 緹, ʶ׽   10 50% ص! https://fitpal.me/"
141, ٸ 2 ִ
142, 
143,尡ڸ  ִµ..
144, 
145,ȣ
146,     뷡 鼭 پµ п Ѵ޸ 94 82 12kg ߽ϴ մϴ
147,     մϴ п  ߾ ġ   Ϸ
148,  Ȱ Ұ ʿߴµ ϸ鼭   ֽϴ. п 쵵   ׿. ؿ.
149,ħ ޸ ǵ鼭 ޸µ   ʹ ϴ п  ʰ 6km  ޸  ֽϴ  ּż մϴ
150,ȳϼ ڿ 3°  Դϴ.  Ұ ߿ ū   ׸ ÿ  Ȯ ߽ϴ. ߵż ű ƴϱ..  ȣӰ  ŭ  ȵǰ ָӴϿ    Ǹ ڴ ߿ Һ ũ ʰ Ӱ   ִ  ãٰ  ϰ Ǿϴ.  3 װ  پٰ Ⱑ ׿.   ̶ ˾ҽϴ.  پ Ż ϰ Ű߰ھ䷯ ãٰ  ä ãҴµ ̶  ʹ ϱ ߴµ  ܵ ǵ ְ   ̶  ϴ!  ø   ø ϴ  
151,"2  µ 2޳   ð Ⱥ  ø   ŰοԳ ˼ְ Ǿ,, ۶鼭 ޷  ʴµ ٸ  ø ֽø  ϰ ͸ ڽϴ ׻ ؿ!"
152, ٴٰ  Viva la vida ϱ   ޸Ե ׶ ̶.......ø ּż մϴ
153,¥ ۳ ݱ  Ҷ ⸸ 䡦  
154,  ٰ ǰ   ־µ Ʈ   ٽ α!ｺ ϰ Խϴ. ¦̶ ؾ ȵǰھ丮Ʈ մϴ
155,ֱٿ ˰Ե ־Ʃ~ ̴¼ڿ Ұϴٻϰ 46 ︰˴ε ̾Ʈ  Ʈؼ Ÿ̶° ް  Ʃ!!  ؿ
156,  Ծ 1  µ ߹ݺ ̽  뷡 ٰ  !! ʹ ߾ 40 ʵкθε  ̷   ĥ ʹ µ  뷡   ޸鼭 ׿ ̷  뷡 ÷ּż ؿ ̵ƾ
157,  0.1t ׾Ƹ ̲ ó õõ޸  ϸ鼭 ϴ.  Ÿµ ̶ ϰ Ǹ鼭 ǿ Ĩϴ.ù   2.5km  ȸ߰ پϴ. 5km ۶.20kg ǥ ȭ ϰڽϴ.!!!!!!!!!!!!!!!!!!!!!!!!!!!!!
158, ʼԴϴ Ժκ  鼭 ٶ   ñ Ǵ     ĳ   ƿ
159,   ̰ ÷ ۶ µ ٷҶ ؼ ġ ׳ɵ  ӵԵʿ. ɷ¹
160,  ÷̸Ʈ  ׿.. ǳ ̾߱ϴ  Ʋ پٰ 쿬 ˰ ɷ 鼭 ٴµ п ̽ 1 ƾ!
161,ֵ ̾Ʈϸ鼭 ϴ!~ ǿ Ȼ涧  ̰Ʋ  ޷ !!!!! ȴ°͵ ϴ~  ٵ ǰϰ ̾Ʈսô!~
162,ٱ濡   ù ĵ  屸 ջ
163, Ǻν  ηּ ¥ Ǹ...
164,̰ 鼭 ߴ 5д߽ϴ մϴ 뷡 Ʈ ʹƿ
165, ¥ ȴ޸  Ʈ̴ Ф ְ
166,   Ѵ°ε   ߾. Ʋϰ  ļ ϶ .   ߺ ڱع޽ϴ. ȭ!
167, ÷̸Ʈ ׻ ϰ G   ɾµ !!
168,Ϳ..  ٿϱ ο ø !!ù ڸ ٽ ٷ  ʹ..!
169,ϸ鼭 뷡    ϸ鼭 鼭  ѳ! Ʈ !!!!տ!!!! ϵ ????Ͻϴ!!!!!
170, 뷡鼭 10Ű ߾. 55  ִ ȵ ø   ָ ǥ...! ø  ?Դϴ..̴ ö~!! 3 ּ..ø
171, ̰ 鼭 ĩĩ ޸.... ޸  뷡ƴϸ ޸ ɷȾµ...... ̰  Ƽ  ޷Ⱦ??
172, ̰  پµ 鶧 Ʈ¼° ͼ ٸ ڵ ̴󱸿䤻¯̿
173,ġ ̳뷡 鼭 52  ſ   ӵ  þ. ſƿ ʺе 
174,    ְ   Ѽ䡦
175, Ҹ ܹް  ؾ߰ڴ ϴ  ! ڸ ̸ Եǳ׿ ʹƿ ϰ  ؼ ǰԿ!!!
176,ݾ   µ.. λ縪 Ҽ ׿ ø  ̰ մϴ~ ϴ~^^
177,˰ ¯ Ƽ  µ ̰ ϴ ̳׿..      ϸ鼭  ÷̸Ʈ ڽϴ 
178,׸ӽ ȴٰ...ù  3 پ...  ¥ 뷡  
179,ڸ 鼭    ƽó ??ڱ ٰ ִ  ڽź鼭 ũӿ ȥ ̳ 
180,뷡 ¥ ̳׿..̤  
181,  õ ޷Ⱦ  ø !! ູϰ ߾ ????
182,30   120Űο 86Ű ƾ մϴ
183,ġ ʴ´    ε  ڽϴ!!!
184,ϸ鼭 µ ¥  ȴ   
185, 뷡    ļ  ð ϰ   1
186,Ҷ    ƿ 
187, 3km µ ̰ 鼭  پ 5km ½ Ѱ 10km ޸   ھ... 鼭 ϴ  ƹ  ̱...
188,ħ ϸ鼭 ϰԵƴµ ׿ ְ!!!!!!!!
189,  ø 鼭  ٰ  Դµ!!!  ̰ɷ ϴ 
190, Դϴ   ΰ ǵǾ   ̰ܳ  ִ     ٰ ɾϴ. մϴٳ
191,"㸮  ʾ 4   ׸Դϴ. õ  ʹ , ٸ鼭 Ƶ巹 Դϴ.  ^^"
192,Ÿ鼭 !  ߵǿ! ؿ 
193, ÷̸Ʈ  ޷ȴµ :) ʹ   Ҿ! մϴ 
194,...   Ѱ  µ ̰ Ʋ پ....    ϲ.... ʹ   ٰ  Ʈ 
195,̰ 鼭 λ ù° 10Ű ߽ϴ ФФ ؿ
196,ϸ鼭   Ծ !!!! Ϳ 뷡  峭ƴϿ ߰ Ϻó  뷡 ö ޸ٰ ܴ 
197,10km 55и...  ü̱
198,¥  ϰ  30 Ҵµ ÷̸Ʈ ߿  ;;; .. Ʋ  ̺
199,  ¥ !
200,"   ÷ֽ ÷,  ׻   ܵ ֽϴ. õ մϴ.   鼭 ڽϴ."
201,п ħ ޸⿡ ū  ˴ϴ..SSФФФ
202,ù  ƴ̰   ޸ 
203,п ų ϰֽϴ^^
204, Ҷ ߰ھ!!!ؿ?
205,  ó µ  ʹ ׿  մϴ!!!
206, ƿ  ׿...   ּż մϴ... ϴ.
207,Ҷ Ʈ 缭 ٸ  ְ ¯¯
208,Ƴ׿ 뷡 ¥ ϳϳ  ƿ Ⱑ   
209,  5~6   ޷  .... 絥  ϴ
210,ṵ̈  Ǽ  ߴµ ܿ鼭   ... Ʈ ϱ?
211,غ ϸ鼭 ״ٰ Ÿ ٷ ߽ϴ ڴµ  뷡    뷡 Ƽ  鼭 پϴ մϴ
212, 迡  øõ  20о ι . ????
213, ϸ ٿϸ µó ϴ!
214, ޸Ծ ̰  Ȱ ޸ Ȱ ޸ ϰ ϴ
215, Ǫ 30Ҳ 10 ϰ  ~   ϴ!!
216, 6km ٷ ߴµ 뷡 ٺ 10km   ⸦ ϴ
217,    µ... ־ְ ÷  ߳׿ !!!^-^
218,ù  Դ   ѽð;ٰմϴ
219,԰ ٰ ̰   Խϴ ¥ ø ݵ
220,̰ 鼭 Ϻ ٽ  پڽϴ !!!!!!!!
221,¥ ̰ ģ ø  ϸƼ   θ߰ 뷡 ӵ ¯ 
222, Ϸ ޸⸦ ǥ . ޸ ֱ ߴ   ֽϴ. λ Ʈ  ̷α״ 뷡 п   پ׿. ϴ. 
223, ̰͸  ޷  մϴ^^
224,  ϴ µ پ ׿
225,; ޸ ߾. մϴ
226, ֱ Դ Դϴ..   ִ  Ƽ ູմϴ..
227,ù̳Ѱؿ ƿ Ҷߵվ뢽
228, ÷    ϳ ƴ 뷡 ־ ݰ
229,   ߽ϴ!! 2ϸ 2Ű  
230,뷡  ó µ 뷡 ʹ ׿  ϰ ϴ
231, ˻ ¼ ¯̽ ƿ 
232,뷡 ƴ ڱ ޸; 
233,3     ڽ 뼭ϸ   ϴ. 뷡 ϴ.
234,´ ̳뷡  
235,   ¥   ٰ   ôµ ̰ ְ  ؿ!! ˰ Ͻô Ʃ׿      ٴ ̳ ؿ
236, ߴµ п ϰֽϴ
237,ù ¥  ڵ ó  Ÿ Ʈʹ
238,ںп  پϴ 10  ʰ پ óԴϴ. 뷡 峭 ƴϽʴϴ ϴ 帣Դϴ. feel մϴ 
239,ʹ ϴ 
240, ... ù Ŭ   ¥ ã ־ְ̾µ ⼭ ٴ   ģ̤̤̤̤
241,ȸ翡 ִµ... ݵ ʹ ٰ !!
242,쿬   Ŭߴ. ù ڸ  ջհ̴!!!!!!!
243,ø  Ŭ ִ.. Ű ..ۿ
244,ù 뷡 ڸ  뷡ν ......
245, ù  繫  ޷ҰͰ׿
246,ù 峭ƴϳ  մϴ٤
247,Ϻʹ ʶ׽+Ĵ ұ 6 ʹ 뵵 ߰մϴ ھ
248,! ƿ
249,  Ұ մϴ 
250, ̵߰ ϰԴµ ̰ ϱ ģ Ƶ巹  ׷ ȶ
251, ٷ  ã ִٰ  ø ù  ڸ  ì ( ¥  )
252,  Ⱦߴµ ÷̸Ʈ    ҵ ϰ ־!bb
253, ÷ ۿ ׿ ø õſµ!!  ƿ
254,뷡  ְ
255, Ÿ鼭 ֽϴ  ƿ
256, ̸ ø ¥
257, 󰡴 50жٰ Ѿ 
258, ְε Ҷ  ƴ
259,ʹʹ մϴ. п   ϴ.
260,   ٽų õȰ !!!
261,  ƾ! п ų !
262,ó鼭 µ ڱ ٰ ; ɷ ¼ N ̵ ̰ɷ ϴ 
263,ϸ鼭 ٰ ų  ϴٰ   ˾Ҿ 
264,ƴ.. Ժκ ƾ..? ðҴ ̰Ŵ
265, ø    οȭ ΰ Ȱ ƿ   縷 ڷ ٴܾҰ͸  ׷ δ~?׷ ?
266,̰ ȸ 鸸  ̻ε  ģ 
267, 10Ű ޸ ε~ϰ ޸~^^
268,!!!!!! ʹ մϴ
269,̰Ʋ ｺ پ!!!
270,ħ ϴµ 뷡 ׿
271,Thanks Hey. The song is very beautiful and sincere. A beautiful movie screen saver. Thank you Good luck and success to you?
272,ǳ Ÿ鼭   ãµ   ߴ׿~
273,  ؾ????մϴ!!
274,ø   뷡 ٰ ø  ߿    µ  ù°   
275,մϴ   ׿
276,   濡    ־
277, ϴ٤  Ϸ ~
278,; ù ƴ Ԥ
279,̰ 鼭 Ŭ Ÿ  ԰ ? ? ? ? ?
280, 뷡 鼭  ϱ ų 2  ȿ ƿ!
281,.. 峭ƴϴ
282, ҿ  ְϴ...! 
283, ..     鼭 Ÿ ϰ ٱ ȿ ãٰ   ޸ ߳׿
284,ĵ...  ͼ ۿ   µ... ġ ޸  ?
285,Ʈ̳ʵ ο  ̴ٶ  ٴ
286,뷡 ÷̸Ʈ  ˷ָ Űƿ ų
287,"̺ Ҷ Կ  ^,~ "
288,̰ Ʈ ְ¥  ~
289, ġ  п ¥  
290, ùڸ  ӵø 
291, 뷡 
292,̰     ϸ鼭 ٴ ǵ ʹ ູϴ
293,뷡ٰ  Դµ ũ   ͼ ٽ   
294, п ÷ Ʈ ФФ
295,Դ 4°   ϰֽϴ մϴ
296,ù Ƴ׿
297,߽ϴ ߵ
298,ģ... Ʈ Ƴ
299,r  ͼ ｺ  ٰ ̰ 鼭 Ϸ ̵ ɸ԰ Կ^^.
300,  뷡 鼭   Դϴ   ٰ Ͱ  ̶  
301,ù Ƴ
302, ù ۺó 
303,¥ ƿ
304,鼭   
305,õ  ̰ܳ  ڽ Ưϰ   
306,̽ϰ  ø :)
307,и ̰   Ʋµ   Ʈ ޸ ־ϴ
308,ĥ ֽϴ ׳ Ȱ  ȴ ȴ Ÿ׿
309,ڸ ĳ غϰ 
310,п õ  3km ұ ؽϴ
311,ȱ ϰ ٷߴµ ù ٰ ׿ 
312,ڷγ 濪Ģ ߳³뷡 ʹ ̳ ̳ Դٰ   ߳׿
313,п ߶پϴ.
314, Ʈ!!
315,׿ ̰ŵ鼭 ٴϱ 10ųαݹ̳׿
316, ù뷡 ú 5Ű 
317,  ưŵ鼭
318, ... ｺ ....
319,ָ װ.
320,а      ñ⺸  ڰġ ...  ø õ ڰġ ϴ lll
321, ׻ ؿ ְ
322, ǻ մϴ
323,ùƴ 
324, ϴ ġ 1rm 
325,̰ 鼭  ߴµ   ߾.
326,߰߰  ƴϸ  ԰ ְε ȣ ǿ ߴٰ  ͹Ϥ
327, ݶٰԴµ  ٰ;
328,̳뷡鼭 ٸ ̻ϰ ߴ޷
329, ϸ  ʾ Ф ħ̳ ῡ ü ⸣ ϴµ    ׿ ü  ׷ ȶٴٰ ڱ پ ׷а 𸣰ڳ׿
330,"Ʃ ˻Ҷ ũ  ""Ŭ "" ϸ ̰ ٷ  ű"
331,ù  Ƴ׿
332,̰ 鼭 5km 22п ֤
333,  뷡 ߵϴ.   뷡  ؾ ڳ׿ 
334,Ժ ڸ  ƿ ڰ ֳ
335,ٷȾ ٷ  ø Ͽ~~^^ õ ޷!! ذ!!!
336,鳯õ   ؾ 
337,ְ ޸ ʹ
338, մϴ ̷ ߴµ
339,ŸŸ  ƢðŰƼ ŬɾҴµŸ̴϶յ ϰ ߴٰ ۴ϴ
340,ù    ¥µ  ų -_^ 
341,׻ ڽϴ
342, ϸ鼭 
343,Ŭ ӽ Ż  ǮǼ ԰ּ 90km/h  
344, ϴ
345,ϴ 10Ű 55оȿ پ߳뷡 Ⱥ 
346,   Ʈ ְ..     Ȱ ̰ 鼭  ־....................   ȭִ   ׿....... .....
347, 뷡 Ŭ ӵ ÷Ƚ
348,ٵ ̾Ʈ 鱸. ģ Ͱ   ƴ   ̰ 20kg  µ ׳ ϴ    нƮǪ źῡ  Ȱ. ׷ٰ   ϴ  ǫǫ . ٽ ϴ   3  ؼ     ջ Ǹ  ɰ .
349,   ޸   ޸ ¥...
350,ϰ ÷  û õ ޸߿䢽
351,!!! õ 
352,ȭԴϴ!
353,뷡 
354,ڳ׿
355,÷̸Ʈ   ߻
356,뷡׿  
357,ؿ ҰԿ~!!^^
358,ù   3 1 ϴ~^^
359,  Ҷ Դϴ
360,̫ ٷ 
361,ù ణ 췰  
362,뷡ν ̿
363,¯̳
364,Ÿ ҸӴϴ ε پʹ..
365,͹ ٿƮ  лε ɼ ְԸ ϽŴٸȥ㸻 EMERGENCY  õմϴδ ̽Ľ 뷡!!
366,ڸ  12 ø Ÿ...
367,뷡ν y..
368,мǼ     ...  ?!... ϳ  ѵ...
369,̰ŵ  ͼ پ
370, 
371,  ÷̷ ^^
372,߰ ̸   ö   ɷ ״ 
373,޸Ⱦϴ  ̰ Ʋڸ  10ٰڴٰϳ׿ űմϴ
374,ù ٴ£O
375,  ׵ ̰ŷ ߴ..
376, !!
377,帳ϴ^^ ... !Դϴ
378,ðǸ ٰ ܿ  ٸ鼭 ڽϴ.
379,   ٰ ٰԳ׿ 
380, Ʋٰ ̹ ٰ
381,ͷ ޸ϴ.......
382, Ҵ ̰ɷ ٽϴ..
383,Ÿ° Ʋٰ  پ...
384, ʹ    55...  Ÿ. ְ  57̶. ....    ؾ ڳ׿ 
385,޸ϴ~!!
386, ̰  ־ִ. ٵ ʹ ª 
387,Ҷ ټ ¿..ϱ Ȱ  ޷ ͳ׿.
388,ںΰ  ٴ  帮Ʈ Ҿ
389,뷡 Ѱ  Ѱ ϴµ 帧 ʹ ׿ 
390,뷡 
391,13аɸ ѹ 10 
392,!
393, ޷ Ѵ ̰
394,ε ٴٰ ú ӵο ֽٰϴ
395, ̰ ǡóΰ?
396,Ŭ ջ..
397, 10[?аŸ ڼ Ѱ ٴµ ȿ 
398, ̰Ŷ ¥ ̾;...
399,6/14 ײ Ʈ 
400,¥  
401,Ŭ뷡 ƿ 
402,¿
403,̿ !!!!! !!
404,޸ Ծ!!!!... ϴ
405,üϰ־µ ϱȾµ  
406,ȳϼ Ȥ  뷡  ˼?
407,ϴ ߷ ..  ޸.
408,  ε      Ű  ȿ ?Runner DNA?Ʋ
409,±
410,뵵 Ź!
411, ؿ 
412,ٰ 
413,õ  ƾ
414,ٷ  Ƽ ɾҴµ  ִٰ
415,ùԺ  ٷ ֹڰ ̽ ɸ
416, ̳뷡!!!   !!!
417,ʹų
418, ̰ ڴ ...
419,޷  
420,"氩 Ͽ ձ淡 ,,,, ͺ"
421,2022 510 177/103 ̾Ʈ  ⼮üũ
422,Ϻ   غԿ..!!!!
423,  Ʈ ̳!?
424,Ŭ  ӵ 27 36 ÷ȴ
425, ̰ 
426,  .. 
427,ӤӤӤӤӤ
428,ȴٰ ӵ ....
429,̰Ŵ .. 
430,. 
431,  ư...  ٸ ڲ ....εеε
432,ʹ ̳뷡鼭 մϴ.
433,ٷߴµ  Ϳ ... ?
434,  ̻۵ ǻ Ű
435,"5Ű ҵ̳,,"
436,ù ̹̿?
437,23.4.17 10k  48:25 ߴ
438,
439, ΰ w
440,
441,  ̰  ±
442, ޷
443, ̿µ ߽ϴ
444,ϵ  öٷ ƢƢ????
445,ʹGƿ.
446, ̰ ãҴ
447,ϳ Ƚų θ ߶  ΰ̳ ̻
448,뷡
449,28¥ ׳뷡ƴѵ;;
450,
451,4 α46
452,"  ϰ  ...... .,,...(ù   ) ?"
453,
454, 񰡿Ϳ 
455,211028 ƾ
456,ǰ ޸׿
457,ĸ԰ ִٰ ..
458,̳뷡 ϸ 
459,ϰ       
460, ̰Ŵ
461,̰Ŵ!
462,   ׾
463, г۰ Դϴ
464,"غ,,,,?"
465,氩?
466,۽  ̷ 뷡  
467, ־
468,   ȸ ־? ̾....
469,̰ ׳
470, K 
471,̰ù °   ¥ ..ʹ Ӹ ϰ Ӹ ļ    Դµ ù °   ׳ ٷ ƿ  ¥.. ¥  ״     뷡..
472,"Ŀչ ķ  1  Ǿµ  ÷̸Ʈ 鼭  ū    ƿ. 뷡κ θ   ó̶   ̾µ,  ڿ ÷ֽ ÷̸Ʈ     ǵ  Ǿִ󱸿.    ּż  մϴ :)"
473,¥ ù ʹ Ƽ  Ф ٷ ø ־α ̤ µ ѹ 鶧 ݾƿ !! ̷ϼ  ưô !! θ ȭ
474,̺  4õ϶  Դϴ  ϴ ø ̰Ͱ ̺ øԴϴ  2 Ⱓ  ɽҶ  ¶     õ  1Ⱓ µ  ׿       ۵   ϴ   뷡   ۸ ̾µ ׶ ڰ   ʾƼ   ϴٱ׷    ۿ  ۵   ޸鼭  ۸   شȭֳ׿ ģ 뷡 õش޶ ϸ    ũ ϴ ׸ŭ    Ƴ õϴ Դϴ5̰ 10̰          긱  ׿   ּ     뷡 ´ٸ   ñⰡ ׸  ȸ  ƿ׸  ä ڴ ƴ Ϻ   Ϻ  ֵ ڰ  ۵  ޾ֽ е鿡Ե ϳ׿п      Ǿϴ մϴ   ε  ݱ  1Ⱓ  ûؿԴµ ε  ڽϴ      ֽ Ŀ  մϴ
475,¥   뷡  1 Ȱ  ¥  鶧 뷡 鼭  û ⵵ ϰ ߴµ ¥ մϴ.  źе    źеε  մϴ. ٵ ȭؼ  λ ư : )  (ù°뷡 ¥ ƹ  ʹ   λ 뷡Դϴ)
476,  ϳ ־ λ
477,׻    ͼ   ..       ո鼭   ذϴϱ  ãƿ  ƿ ׻  뷡 մϴ
478,This is one of my favourite playlists :)) Its so good for daydreaming
479,... ø ּż մϴ٤̤̤¥  ø ¥ ʹ ƿ ̰ Ʋ   ǰ 30    ¥ մϴ
480,'ƴ' ߴٴ 'ߴ'  'ȴ' ׸ŭ  '׸ѱ' ݱ   ʰ ־ٴ '' ׸ŭ 븦 ߴٴ '++  оּż մϴູ Ϸ Ǽ
481," ״ ƹ    .. ٵ    ϰ ؼ ħ, , , ,     ϵ ĵ  Ե  ϵ   ︲.."
482,"Ű ʹ ׸ ư ð  ִٸ 󸶳 + ٵ ο  ... ʵл ġ ũ    پ ϰ Ҵ  ư ͳ׿   о̳ γ,  ϱ մϴ... Ƿο ׸ ļ   Ǽ ôµ ε ٵ ñ...!"
483,  ó      ÷̸Ʈ׿.      ƿ䤾  մϴ:)
484,뿡 ι° ް    ʹ ؼ ãƼ  뷡ε   ؼ ΰ  Ѵ Ѿ׿  뷡 ּż մϴ!!
485,  Ǹ̴ ¥ ..
486,"п 迡  λ ־  ޾Ҵµ, ۷   뷡 Ż Ƽ  ߾..! ׸   ƴϾ,  մϴ! 30̳ öФФгʹ !   ðԿ?"
487,̰ ߰ٹҶ   뷡 ƹ   ʰ   մϴ 
488,Ű ʹ ׸ູϰ  ־־ ģ ׻  ־ ϴ  ηʾҴ׶ ʹ ׸
489, ÷̸Ʈ ־ֵ . . ¥ 뷡   ФФ
490, ̷ ˼۸ ٰ ߰  ٸ   ¥ ϳ  ʹ Ƽ   ÷̸Ʈ óӤ̤̤ ֱ ٽÿɴϴǻ
491, Ҷ  뷡 鼭 ƹ͵ ϰ ° ְ..
492,"ʵг: г϶ 
ߵ: ʵ 
: ߵ 
:  
: л϶ 
: Ҷ 
:  
  ġä̳?
 λ ׻ Ҵٴ°"
493,  ´ٴ°...  ϴٴ ű... ƿ...  ׷ϱ...   Ȳ  뷡 ּż ϱ̱ д е ູ  ãƿ´ٴ   !...... 礩...մϴ;;;!!!!
494, ̷   Ͻô°ǰ?  ְԴϴ٤ФФФ ؿ ¥! п 𸣴 뷡  ˰ ǰ!!! ε  Ź!
495, 뷡  󿡴   ֱ Ϸ 뷡Ʋµ ۺ    󱼵 𸣴    ֽ  е մϴ社  ູϰ  ǰϰԻ缼!!
496,"㿡  ϱ  ǳ׿,,   ϰ ǰ 뷡     ƿ!!   ϴ~"
497,⿡ ޸  ϳϳ   θ ִ°ͰƼ ʹ ..
498,.. ù°  ¥ .. ¥ ƹ   ..
499,׻   Ӹ  Ҷ  ͼ 뷡 .ٸ äο  뷡鵵  ᱹ Ⱑ  ǳ׿. 뷡 ׳ ƹ      ƿ.մϴ
500,ƹ   . ٷ̿       찡 ϴ.      +  е θ ̴ٴ  ̿ ̤  Ϸ簡 ƹ   ϳ ߾ ɰſ  õ ȭ !! 
501,"ǰؼ 뷡 鼭 ڷ Ծ. ۵  ٵ ϰ  ֳ׿.. , . ڰ       ׳.. ٶ     Կ. 뷡  ǫ ڰ Ͼ ھ. ħ   ھ. ö, ö  ǿ  ̼   ֱ⸦ ٷ.,  ϰ   ׳  ü ؿ."
502, ȯ  ̷ ⸸      Ʈ츶  ޿ ͼ   ڴµ    ׷    ƿ.. 뷡 մϴ
503, 游 ÷  ҹް ϴ. մϴ
504,ο ִ   סθ Ű澲ٺ  â̰Ƴסθ  ٺ ȭ Ÿָ̹ ƾʹ  ׷   ̿켱̱⿡ Ȱ¦  ʳ ݱ..ݾ ݾ ̾   Ҹ;  ɾƼ  ;ݾ   ް; ΰ 鶧翡 ־ ε   ö ƹ ֺ   ʹ 繫ġ ..׷   Ϸ縸   ص ..?Ϸ縸 ϰ ־ ? ʳ   ø  Ϻʹ ٽ ״ϱ  Ϸ縸    ٽ Ͼְ ̾
505,   ϳ  λ ⼺ Ǵ   Ӹ ʹ ߴµ  ø ϱ Ѱ ׿.. մϴ ?
506,ҿ  ÷̸Ʈ  ߴµ     뷡 ϱ  Ĭ׿.   ǥϴ    ôµ  õ ߴ.  õ غ   ʹ Ȳϰ µ ̹  ؼ  ϰ ϴ  Ǿ߰ڴٰ ߾.     ư ׵ ó ְ ٸ ׵ ó  ״ϱ      ּ Ϸ.  Ϸ絵  ̾:)
507," ̶ ̵ֹ  , Ҵµ  뷡 ϱ е   ֹ  ׿   ̿ ˾ ھ :)"
508,뷡ʹƿ
509," ¥  ø    ¥,,,  ¥ ø  ϳ µ ̰    ϸ鼭 ò 뷡 ϴµ  ̰ų׿,,, ,,, Ҷ ǳ  ־,,    µ  ƿ,,, ̰  ߴµ ¥  ߵǿ"
510,Ϸٰ  ͼ    е ٵ   ϰ ְ ε  س  ־!!ٵ 
511,"¥  ʹ ϰ ۼ ¥    ʾҴµ ,뷡 п  ѹ¦     ִ° ƿ."
512, Ϸ ̶ ϱ ذ ູ ڴٴ ϱ   Ⱦ ڴ
513,"    ε,     ϳ׿.."
514,    µ    ȴ..
515,̷  뷡   ...
516,  ִµ ο 뷡 ʹ  ¾Ƶ ι  ° ƿ ÷̸Ʈ ÷ֽźе ΰŸ  
517,뷡  뷡 浵 ׿^^   ϴ!^^
518,ƺ ׸  ο 츮  ູ ΰ ǰϱ泪 ϴ  ߵǰ ߵǰϰģ  ̵Ǵ    ֱ⸦̵ ູ  Ǳ
519,б ٴϸ鼭 򰡿 Ʈ  ޾Ƽ  ϴ ε     ׷   ..ۿ  鿡  ް  ޾ưϴ!   ó  ʾƵ ʹ å ƿ õ ϼ̾:) ̷ ϷϷ ߺ!
520,̷ 뷡 ã  ͵ ̴ .. Ѵ ڿ б ؼ ູϰ  ..
521,ִٵ 𸣰 ǵ Դµ ϳϳ  ΰ  Ǿ մϴ ٵ 
522, ̰ ٰ ..   Źؿε   ּ뤾
523,"""    ι  ſ :) """" ƾ װ ູ̰ ̴ϱ """" õ ߾ """"   ູ ʾƿ ׷ ư° """"  ϴ  ູ̿ """"  ι  Ͼ ʾƿ ؼ """"    ݾƿ :) ""   ٵ :)"
524,"1.޴ ⼮Ҷϰ α2.ϱ3.ѵҸŭ ϱ4.ѹ ȸ ϱ5.Ϸ翡 ѹ ½ðҼſ ,!!??"
525,  ׿.մϴ. 
526, ӵ  ʿ䰡 ֳ? ⸸  . ڽ ٰ ӻϰ ڽŰ . ڱⰡ    ̰ ߿Ѱž.   ܶ  ȭ   ǥϰ װ λ. ߵǸ ȸѴ? ߿Ǽ  ȸϱ 츮   ! ÿ װ ֱ⿡  ־ ̾ 縷  ƽý Ÿž 
527,  ׷ Ӹ µ Ʃ ˰  ֳ׿   մϴ!
528,"б 4⳻ ٿٿؿ  ū԰ ϰ,  ׷ ϰ ϰʹٴ ٸ 濡  鿴µ.. ̱  ̸ Ф ۵  °  ƴϱ ޾Ҿ䤾 ¥    θΰ ູ³  ھ!!! õ ȭԴϴ!!!!!"
529,    ٽ ƿͼ ´
530,¥ ֱٿ ˼ۿ 鼭  ä ãƺôµ ̷  ÷̸Ʈ ְ ä ó̳׿ մϴ...
531,ٵ ȱ   ݾ ݾ     е      ø ̰Ÿ ϼ * 츮 Ҽ ־  *ȱ ؿ   
532,̳뷡  ʹ ƿ!!!! ¥ Ӹ ƹϰ ۶鼭 ʹƿ
533,¥ ..  ϱ  .. ֿ;  ʹ  ٵ !ڱ ݾ..츮  ִٸ 츮 α پðſ
534, Ǹ    㼭 ڱ⵵ Ⱦ ޲ٱ⵵ Ⱦµ  뷡 鼭 ڴϱ û ǫ ...Ф մϴ!!!!
535,뷡  Ȯϳ׿  ϴ 
536, ε  ٵ ο ִ    ϴٰ . ׷  ͵    ͹ۿ ȵɰž.   Ǯ   Ͼ ٷ
537,    Ҵµ  ƹ͵ ϰ ڴٰ ̳뷡 Ʋ åдߤ ູा
538,ȿ  ٸ ⺸ܱ׳    ־ִ°  ٿֳĸ ׸ŭ ŭ ״ϱ׳      ־ִ° ü ΰ ɰŰ
539,¥ 뷡  ϴ´γ. вܲؼ ų   Ȱ   Ȱ ߴ  ð   Ǯֳ
540, ְ  ÷ִ¸ ׿ ٵ Ե?
541, ۵ ϱ  ϰ Ѵ       ִ ..
542,"  ٰ   ð Ǹ ..  ϰ ְ Ұſ ! ׷  ڽ ϴ  ׷ .  ƹ      Ŵϱ ȭ ؿ !  鶩  ſ :)   鲨  ġ  ູ ġ ־   ле , Ƿ  ,  ִ е ! ϼ̾ ?"
543,¥   뷡 鼭   ؾ ڴ
544,̷ ̶  ־  ̴
545,  ô е ð Ʈ ູϸ Ͻñ ٶϴ!!
546,ϸ鼭 鶧 ̰ 鼭 ߾µ  Ⱓ  ãƿ ̹ Ⱓ ׿..ڷγ      ͵  ϰ..׷ ſ:) !!  ִ!!
547," 뷡 ,  ۵  ʹ ƿ!"
548,Ŵ ׸ Ӱ̷ ηƴ         -
549, ۿ ֽô е û ŵ ׳ ʹ մϴ  ÷ֽ ۼ е 
550,뷡 ϳ  ̳ ϰ  
551,""" λ  ϴ°ž""""  ,ȭ  ȭ,  ãƿ͵ .""""?   . λ ϴ°Ŵϱ."""" 츮   ʾݾ?"""
552, ΰ ູϰ  ڴ. õ Ҿ   ּ ߾
553,ۺ ٵ ϰִٰ ִµ     ФФ
554, ̿ФФФФ ʹ  ׳ ƹ    Ӹ ϰ   ϰԵǼ  뷡 ϱ ׳ ʹ ƿ ?????
555,뷡 ۵ α Բؼ Ϸ簡 ɲƿ!
556,"  ׷ô󱸿  ƺ  ̱⿡,  ޾  ̱⿡,   ٺ  ̱⿡,  ְ, ĥ  ְ,   ִٱ׷ϱ 鶩 ' ' ϰ  絥 ٰ ϴ ͺ ϰ  ڽ ڿּ  뵵 ſ  е鲲 Կ ׷ μ 뼭 XXϸ鼭  ưڱ 帰  ־      ʰھ?     д    մϴ"
557,1 10  ¥
558,ϴ Ӹ  Դµ ڴ°ͺ ׿п  ǵ    ְھ:)
559," 뷡 DD ϸ鼭 ʹ .  ģ ο  Ҿ, ¥ ʹ µư鼭 ̾  ִµ  ð . ʹ . ׳ 뷡   Ⱦְ ִ° ."
560,.....̰ž߸   ÷̸Ʈ....¥   Ǯȴϴ!
561,       
562,    ɰſ? ȭ
563,  ︸ ϰ ּ
564,2022  Խϴ!!  Ⱦµ 뷡 Ǵ ٸе ۺ ̳ ۽ ູ Ͻñ~!!
565, ູѳ ðſ!    غô!!!ٵ ູѳ ãƿ´ٸ  ູҰŴϱݸ ô!!ٵȭ!
566,쿬 뷡 Դٰ    Ⱥµ    θ  ! ʹ   ̾µ θ ּż մϴ !
567,ݱ  ޷ ڱڽſ Īּ        ߵǰ ذǱ ٷ  ص ʹ     Ѵٸ ݵ    ڱڽſ ư ݱ  ƿ ڽſ Īְ   ǳ Ѱ̶   ׷ Ȱſ 
568,ƹ͵      º ǿ شܼϰ  ̻󵵰ϰ ϴ  Ӻִ  ų䵵ġ ߵ   θġ  Ӻ ʶ   ɵ¾Ƹٿ ε   .
569,  б  å ޾ƿµ ׻ л  ٶ󺸾Ҿµ     ٶ󺸴  л Ǵ  ϴµ ⵵   󱸿 ʹ ϱ ϱⰡ  ʴ󱸿 ׷ ̰ Ǵ ˼  ϰ ִϴ :)
570,"  ׸ б ̶ ϴٰ  Ⱦ伱Բ ""   ض""  ϼ̾俩 Ȳ   ϰ µ    ƿ :)ʹ ư η     츮 ׳   غ :>յ Ȳ ,   .װ  Ű ϳ ̴..!츮  !"
571,˼̶  ϳ  ˾Ƹ԰ڴµ Ҹ ε ̷Ӱ ؼ ¥ ƹ  ׿
572,ģ ̰ Ʈ  Ż   ¼ؾ ұϴٰ  ãƼ Ż ġ Դϴ ̿   ٸ е  ູ ٶ...
573, 뷡 ּż մϴ
574,  ŭ  Ϸ絵   뷡 鼭  ٱװ  1̳ױ ð  ̰ܳ༭ װ    ڴٰ ߴ 2020   6  Ǿä ׻ ̹ ⵵  ̰ܳ
575, 뷡 ..   ް ϴ ʹ մϴ
576,  ̳׿.. õ ʹ ǰ￡     ǰ   뷡 ˻ߴµ ɽ  Ǵ Դϴ
577,¶ΰǵ   Ŀ ü  ɲ淡 ̷  ִ 𸣰  뷡 ϱ...Ӹӿִ    °Ͱ׿! մϴ(ٹ)
578, Һ ϼ̴  ׿ ̾߱⸦ 鼭 츮 ι޴       ִ  Ǿ Ѵٰ ߽ϴ.... ʿ         ׷  
579,̿ 뷡    ʹ ϰ 
580,   ϸ鼭  ø ãٰ 쿬 ôµ â  ̳...   ۵ о߰ڴ ?( ?)?
581,ϰ  ° ´µ..ۺϱ  ΰ ǳפ¾ƿ λ ͵  ߵ° λ̿  
582,   Ծ~~ ٽ  ׿̤̤
583,.. ⿡ ִ   ŬѰ ̤    غڴٴ ΰŰƼ   ..
584,  Ÿī  뷤 ;
585,ʵ Դ ۻʵ ʸ ŷ ְ ʸ ϰԿ  ִٴ° ˾ư°  ̴¹
586, ޷ִ° Ƽ ̳׿
587,  Ͼ߰  þ. Ͼߴ   ư ϴ 뿡 հ߽ϴ.  ׷ Ͼ߰ ʹ ϰ η⵵ ϸ ϱ⵵ մϴ.   Լ θ԰ Բ ڰ ־ϴ.   𸣰     Ͼó  ؾ Ѵٴ δ㰨 ڸ ִ° ƿ.  1 ö󰡴µ Ͼ߸ŭ    ϸ  ϴ  ڲٸ ϴ. Ͼ հ ϰ  ϴ  ڽ Ⱦ⵵ ϰ    ʹ մϴ. Ƥؾƾƾ
588,  ģ յ̿....0¥ ʹ  ... ƴ϶ Ҷ  ƿ... ä  1 մϴ!!!!
589,"ٵ  ..       Ƹ    ſ  ׷  °  Ʈ ޴°, Ƽ  غƿ!!"
590,뷡  ٤Фε Ǳ..
591,׳ Ҹ  ʹ װ  ҿ
592,賡  ϰ  ó ѹ   뷡 ã ־µ ᱹ  ƿԴ. Ⱑ ̴
593,"   ǥε ʹ  Ծ,,   ̶ ϸ鼭 غߴµ, Ǽ ʰ   ھ..."
594,⸦ Ѵٴ   Ⱑ ־ٴ ͽ ´ٴ  ׸ŭ ߴٴ ͺҾϴ    ʾҴٴ ͼٴ  ׻ ּ ߴٴ ͿܷӴٴ    ȴٴ ͸ϴ     ִٴ  ̰͸ε 츮   
595,  3   հ߾  뷡  Ƽ   ۴޷ɴϴ??
596, Ӹ Ͱ ̳뷡 ϰ  ׿ ̷뷡̿÷ּ!!ȭ
597,ʹ 츮 Ӱ ϴ ͵  ϴϱ
598,뷡   ۵  ȴ 
599,  ƹ͵ ƴϴ ̸   µ ¥   ´¸ 
600,¥  ϰ µ  뷡 ¥   ؿ
601,ٸе øŰ͵    ̰   
602," е  ,    ִ,    ּż մϴ.   մϴ."
603,뷡  
604,ϱ  εǴ  ޴... ... ι޴ ̾.. ູϴ
605,ǥ  ҼϷ   ϰ   Ҽ  ̰ ¥ ̳뷡  Ӹ  ϸ Ӹ  ǹġ Ǯ ó Ǯ ִٴ° ˾ƿ  ׷ 츮  ѹ ڽ  ڽŸ () оִ Ǵ ִ   ûغ  ȵȴٸ 츮   óƺ λ̴ 츮 Ӹ ϰ    ؾ   츮 λ ϸ ູϰ ƺڰ!! 
606,    е ׻ ູϽñ ⵵ҰԿ Ѿ  Ͼ  ó ƹ     ڽ ϰ ư  ׻  ̴ϱ 
607,п  ǳ׿
608, ߴµ ̤пͼ ̳ ΰ Ǿ  ׿  ູ ھ  ..  âϸ
609,ù°   ø̳ ǳ µ
610,  ̰  ־..¥ 鶧  εſ
611, ͸    ð鵵 ߾ Ǵ³  ?
612,"""   ˼  糪.   ˼۵ ϱ,  ׳  """
613,"ѹ ο,,  ־ װ ¥ λ"
614,ʹ ٰ ߴ      ̴   ¦ ̿ ູ ֱ⸦ ٶԿ
615,̹⵵ ߺͰ ߾Ⱥ° ⵵ ϰ...ģ 迡 ؼ    ⵵ .츮  ϼ˾ ⵵ ϸ ֱ⸦!
616,Ȱ ̺ε ׿ 뷡 Կ!!!
617,K ¥ ŰҰ ƿԴµ ̳뷡 ϱ  Ǯ °ŵ ູϳ..
618,Ӹ ʹ ϰ  Ϸ簡 ̷   ƽ  ø 鼭 Ӹ      Ϸ簡 Ǳ ٶ ־.
619, ʹ  ſ  Ƽ  ȿ  Ʋ   ƹ   մϴ
620,"۵ ¥ ФФФг뷡 Դٰ   ް ϴ ,,????"
621,ϵ  ߾̴󱸿俩 ݸ   ູ ðſ
622,"  ,    ٵ  Դϴ"
623,      ູ  
624,︶ ڿ 1ߴ ۿ̹  ֳ 1̾ƴϿ  1 Ϸ ¸  ׻ Ѵ   ̻ڴ ʳ׵ .
625,մϴ   п Ӹ ϴ  ̶  ǳ...մϴ..
626,EASY̳뷡 ణ  ԰  õ 뷡  ʹ 
627, 뷡  ̴ٴ°ź ϼ̵ ſ. ȭԴϴ
628,׳  뷡  Դµ 뷡 ѹ  ۿ ѹ  ...??????? ????????
629,"ô ٵ,   ãƺƿ"
630,츮   ǰϰ  ּƺ  ʰ  ּڳ ּθ ʰ   ּ츮  ʰ  ּҸӴ  ð ּڷγ19   ּ俩   ູϰ ּ
631,÷õ ޾  ܴ ʹ    縸ŭ   ư :)
632,ù ֿ   ϾƼ  ƿ ٷ 
633,űϰ Ʈ û ް  ø  ɶߴ   
634, ༭.. ...  ȸ簡  ȥ ־µ   Ⱦ
635,̰   ˰  õؼ  𸣰  Ǵ..................
636,۵ մµ.. ູ!Ŭϱ⵵ϰ.... ̴  𸣰ٵ ູϼ! ñ ٸ е ó  ƴ..̶   ڳ׿..׷ ູ Ϸż!
637,츮 ΰ  ִٴ  .
638,縸ŭ ϵ  Ͼ  ״  ũ ٰ°Ű
639,ù  Ƴ
640, µ ٵ  ʹ ̻  ...ʹ Ƹٿ ̰  Ǵ ̴....
641,Ӹ  µ 뷡 鼭 ־!!! մϴ٤..
642,     ٰ ϵ  ſ     ȯҰſ    ̶  ⸦ մϴ
643,"ù°  ƴ 뷡  ־ 뷡All the kids are depressed ̳뷡 ƹ  ƿ!Ͻź ̳뷡 !׸ ƺ ߸  ִٸ,If this is the last time ̶ 뷡 ! ̾,Ҹ ̴ϴ.ε !"
644, ٵ ູϼ       Ͻø    ߾ ſ е ¾ Űź   еԴϴ ^^
645,뷡 ʹ 
646, Ҳ ǻ ϰ Ҳ ӵ  ϱȾ ׳  Ĵٺ  Ÿ µ ׳ ̷Ŷ   ׿.(ڰݸ [])... ׳ 뷡 ׿
647,̰    Ӹ  뷡  ּż մϴ
648,...뷡 ٳŻ̾!
649,õ ߵ ׻ 뷡 մϴ
650,"¥   ,,,,"
651,"(뷡  α   ¥ ׿..! )е ε ϰ ູϰ Ÿ λ  ڽϴ. λ̶, ̶ ð ٸ ͵鿡  ʰ, ӹ ʰ Ӱ  ڽϴ.  Ϸ絵 ϼ̾! - 뷡 Ÿ  ϰ  ſ."
652,"  ߸ϸ Ǽ,  Ǽϸ ߸Դϴ    ߸ߴٰ å   ϸ ˴ϴ ¥ ϰ 鸮  ϸ ȴ١    ϰ 鸮° ƴϿ"
653," ߵε ѹܺϴ,, ʵ  ٰ ʹ ⸸ؼ 1ΰ ʹ ִٰ  ׷  ҷϰ ó°Ͱƿ о Ʈ   Ʈ  뷡鼭 Ǯϴ,,"
654,"õ ߾, ̰  ̴ ̴ ħ̴ ̴   ߾!    Բ߿..!   ϱ⸶̴ϱ :) 츮 ̸ ϵ, ħ̸ õ, ĸ ݺ  ȭؿ!!"
655,̰   30 80 ö󰬾   ޾ư !!
656,ΰ谡 ʹ ϰ  뷡  Դµ ..Ф ¥ ٵ ׸ ֱ׷ 𸣰ڰ λ  谡 ģ ʹ ϰ Ҿϰ 
657,Ŵ ׸ ϰ̷ ηƴٳ뷡 ϱ   ۱Ͱ  Ẹ׿
658,̳뷡 鼭   ¥ ִ¸   ̷ϱ ̳°Ͱ׿:)⿡۴ٽźе  !׸ ׼!!!:)
659,"λ  ִٴ° 굵 װ ູԵ ̴ϴ.  ູϴٸ   ϰ, ٸ   ູ ϸ ̰ܳô  "
660,ȸ   뷡 ļ Դµ... ϴ մϴ...
661, ϷԴµ..ù ְ..
662, 뷡  մϴ
663,뷡 ׿ ΰ Ǵ ̿
664,"Ϸ 4ÿ ̰ɵִµ å  ׿...߻ִ° ³,  ִ   ϳٴ  ¹ݸ ̷  ϱ⵵ ϳ׿ ׳ Ҹ þ̱ ô е ູϽð̼ŭ ƹ ñ:)"
665,  뷡   ġ  ׻  ſ糯  ׸ŭ ູ ҽ³  ׸ŭ  ְ׻ ູϰ ư    ༭
666, ε  ٵ ο ִ    ϴٰ . ׷  ͵    ͹ۿ ȵɰž.   Ǯ   Ͼ ٷ....
667,'츮 ±  ƿԴµ? ູϱ . ׷  ƿ° ƴϾ?  ¾ ƴݾ 츮 ູ'
668,뷡  ִµ ڱ  ׿...
669,"GTA   ̰̳׿  Ұ͵  Ӹ ߴµ ,    ŸϷϴ ׻ 帮  ò"
670,뷡 ~~~~~û    
671,"   ,    ȭ, ȭ    , ϴ ͵   .      ־,  Ϸ ༭  ϵ   ƺ õ ߾"
672,"ູ Դ Ű  ,  Դ Ű Ѵ"
673,         λ ư  ִ  ־
674,׳ 鶧 ִ ø
675,η Ʈ ޴ лԴϴ׻  ʰ  ǳ þ    ǳ ġ  ϴ ǳ ߴµ ̶   ߸Ѱ  ǳ  Ͽ  帣׿..ģ赵  ưֱٿ   ϴ..̷ 뷡 ϰ ϴ ؿ!  Ѵ ̷ٴ âѰ ƴϴ Ҵٴ°Ŵλ ߴٰ   ٽȾϴ°  ϰ ̰ ȴ     ̶  Ǯ̴ٸ ڳ׿  ȭԴϴ!! װͳ׿
676, ϴ  ؽ 뷡  ѳ ׿...!
677,̷ ۵  ʹ  ׿   ÷ּż ϰ ٸ е ̷  ۵ ޾ּż ؿ!
678,¥   ˼   ȿ  ڱ⸸    ΰ ϴ° ϸ  ߵ   ֵ  ڤ
679,", , ð     ȴµ...  ٤ °   󰡰 ÿϰ  ٶ δµ  Ϸ絵 ߹! ֱ⸦ ߴ  ̵׿䤾"
680,մϴ!   οִ  ư!!
682,뷡   д߳ 𸣰 ǽϸ Եǳװ ~
683,Ͼ ģ  ϰ  ģ տ     ƽó? ׻ ٰ⸸ ϰ    ؾ ϴ 𸣰ڴµ  Կ ̾ϴٸ  ָ鼭 ȭǮ   ġ  ģ     ׿  λ ׷   ϸ  ϸ ó  ޴° ˸鼭  ൿ ϰ ִ° տ ô        ȱݾ    ݾƿ ?   ϰ ׿
684,   ſԴ 󸶳   Ȱ   ִ  濡   ſ ׻ ູϱ ٶ
685,"ݱ 6.û  ð̶   λ  ּ  ߽ϴ.  ޷ ſ 𰡰 ȿ     п Ʃ긦 ˻ϴٰ쿬  Ǿ,۵ µ   귶ϴ... ķϳ׿¼  ;, ٰ ϰ ;, ΰ ʿߴ 𸣰ڽϴ. ִ    Ҿѵø ׳   ͳ׿.."
686,Ӹ ߴµ ̳뷡 ϱ (ű)
687,Ϸ縦     ִ  Ƽ   ߳׿ մϴ
688,     Ŵϱ!!!  ȭ!!!!!Go my way
689,⸻  յ Դϴ. ̹ Ĺ   Ż μ       𸣰ڳ׿ʹ ġ Ҿؼ 뷡 ؼ Ծ. ۺ    ϴ.
690,   󸶳  ǰڽ  ϰ  ƿ..    ٸ  Ȱ Ŵϱ.ڽ  ƴѰſ  ٰ å  ſ  ƴѰ ..   Ǵϱ  ִ   ູ ھ Ϸ絵 ߾ 
691,и Ѵٴ° ϱ ѹ¦ ٰ°ž
692,̷ӳ׿^^ ߵϴ~~^^^^^
693, ѹα ° ʹ ູ
694,ĥ  Ʃ ٰ ƹ    ƾµ  㿡 ϱ   ׷  ĥ̿  𸣰 Ĺȳ
695, ƿ??մϴ
696,"ӿ غε ࿡ ʳ 1 հϰ 2    ´ٸ,  ÷̸Ʈ 鼭 ;."
697,뷡ߵϴ 뷡ƿ䤾
698,׶   ܵ   ߾ ε ̤
699, 뷡 Ʊ
700,¥ Ӹ ؿ.    𸣰ڰ ϰ͵  ȳ  ֺ ִ ̶ ־    ׳   𸦸ŭ 򰥷   ϴ  ϴ  ϴ ϰ  ... ׳ Ӹ   ھ..
701,մϴ Ф   Ȯ  ϴ ..  ڷγ19  ǳ  ũ    ġ  µ...    ðԿ...!Ʈ    ޴  2(ö󰡴) лε  ̳뷡  鼭     ٸ ޶ڳ׿  ٵ     ;
702,"׳ Դµ  ִϱ ̴...+Ӿ  Z ϱ Ʈ 300  Ф ¥ ̷ ̹ ÷,,,մϴ! ٵ Ϸ Ǽ+495 Ʈ մϴ!õ Ϸ Ǽ!"
703,붫 Ӹ ߴµ ξ- Ǯ- - -û ų ö ƹ    뷡 ߵǼ   ?    ϵ. ư.. ϳ ° ⵵ .Ӱ ʹ.
704,????????????????̴ ù°    뷡ε..!װ  ̰  ϴٰ Դµ???????????????? ƿ
705,  ܷοﶧ   ߵ  ູ ٷ 
706,"    ɲԴϴ. ׻ ŵ  ϴ ,ִ  ־"
707," ȾѴٴ   1  ϴµ غҴ 鿡 ׳ ض,   ϰ ׳ ƹ   ,  Ⱦ  Ĵ  Դµ Ż  ü   ൿؾ 𸣰ڰƯ лӿ̸     å   δ ǰ, г ʹε  3 ó   ұ ׿. ׳  ŭ  δ㰨  ٶ鼭, /̸ Խø ΰ  ƹ   ῡ  ڳ׿ :) .."
708,̰  ƹ   ִ !! õ Ҿ:)    Ѱ  ݹ  ҳ ؿ   ϰ Կ ȥڶ ƿ   ϵ   ش ߴϱ
709,Ӹ ؼ ٽ Ծ.. ޾ưϴ~ФТ
710,3  Ҷ ־ ׶  Ƹ ũ ε ̴ ôµ ű⼭ ̴ ο   Ϳ.   Ǹ鼭 ڿ  󱸿  ڱ ˰ ̲   뷡   ڱϸ ڿ  ׿ õ   ־  ģ鿡 յ߾ ü ̷Ʈ޼ 濡      ưұ?  ׶ߴ ϰ  ϸ ưԿ Rest in piece my bro:}
711,¥  Ǵ  ϳ  Ҹ  ʹ  ־µ ῡ ƺ ż  ..ֽôµ¥..ƺ   .... ΰ 赵 â̰   ϵ    Ͼ ٶ ڱϵ..Ʈ ׿־µ... ְ ִϱ   ʰ 帣׿.. ƺ      ʾ..  ׿..
712,ٵ Ÿ ׸  ð   ſ ߿ Ÿ ׸ϸ ȸ ̷   ڶ Ű ɼֵ ϷϷ ູϰ ƿ ȭ !!?
713,  ⿡ ֳ׿ ӽòٴ¸  üϰִ   뷡 ּż մϴ  ° ׷ ƾ Ѵٸ  ڽ  ƺ ϳ׿ ʹ ϰԻƿ    ̱϶ ƽϴ 츮  ô
714,  ?õ Ұ ϵ 𷡵  츮  ߺ :)̱    ູ ڳ׿ ..!
715, ׳ ﷡ ̻     ׳  ٽ Ͼ ݾƿ ׷ °ݾƿ ׷ 췡    ο ĥ Ƶ  ݾƿ  ׷Կ   ϸ  Կ   Կ ״    ü  θ ֺ   ڸ  ູ ټ ݾƿ  װɷ Ǿ    äϴ  ̻  ʽϴ ״ó  ״븦 ؾϴ  ׶ ٸ    ? մϴ ƴ ߽ϴ ̻ ״븦  ʽϴ ε    ׷Կ
716,¥ ¯ εȴ!
717,", Ǽص .   ó ƺ ̴ϱ,  ϻ  ູ ִܴ"
718,ݸ ̰ܳ ɱ... ž ٵ
719,"õ  Ҿ..???Խÿ ɰ  ɰϴ ϴ п ġ̸鼭  ִ,   ׸ΰ ; õ  ִ    Ҵ :)"
720,"  ̱⸸    ־  غ ȭ  Ҹ  ģ ⵵  ׷  ž Ѿ    ޸ ʾƵ     ־ ʾƵ   ̹  ϷϷ   ݾ ̰ܳ ݾ װ͸ ϰ  ־ Ƶٵϸ ư ʾƵ   ¦  ֺ ѷ  Ƹٿ ɵ ְ, ż ٶ,  ϴ Ƹ   ϳ   츸 ̾ õ ༭       ׸ 츮    ¥ ¥  ߾"
721, ޹ؼ ִ ¥ ε ƴ
722,  ׳ ʰ   ָ ڴٳʸ ⿣ ʾȰ ɱ⿡ ʾȾ   ִ°  ̷  ٴ°Ͱ ϱ⿡  ̸ 鼭 ʸ   ° װ ξ ʵ ó  ڴ   4   ʾҾ   Ⱓ 鼭   ׷  ȸ ʾ ֳĸ ٽ ư   ŵ  ü ǽ ϸ鼭    ìŵ  û  ̾ߤ      ϰ ׷鼭  ƶ ̶ ︮ ! ε  ϰ! Ű ũ! 쵵 !  !  ׶̸ Ϻѵ Ϻ   Ǿ ϱ ߻ƶ  ̾ϴ  б ù
723,Ϻҷ  ƴ Ϻ ʾƵ   ȭó ϺҼ صǰ   ߴ ˰ ո ޸°ž?  ġ  ڵƺ ³ ־ λ̾ Ϻ    ϰִ ƴ ׳ ʰ ִ° ü Ϻ
724, η  ϰ ޾Ƶȸϴ  ұ η  ڽ ó ϴ  ȴ.׷ װ   ڽ ޾Ƶ̰ ܾ       ڸ ð ȭ ϼ!
725," ٰ  ̽ũ ϳ  ÿϰ ٽ پ,Ϳ  پ    ʰ Գİ ¢,峭 ϳ   ĥ  ູߴ,б Ұſ  ϳ , Ǯ ڱ ڽŰ ,п ģ̶    ׳ ѽ ߿̴° Ϸ ־,б  ׵ ġȺ̰ ׳ Բ ︱ִ ʵ4г⶧ ׸."
726,  ƴϿ.  6гε б ó ߿  ؿ ٸֵ ó  ݵ 뷡鼭 γ ϰ ֳ׿  ϴ° η  ߿ Ŀ ູ  θ ؾ ȴٰ ؿ ׷ϱ е鵵  ȭ!
727,"ģ տ ;, ʾ ġ   ģտ  Ⱦ,ֳϸ  ° Ȱŵ, տ Ⱦ   ݾ  ˰ ƴϿ Բ ϰ ģ ģ ãƺ ģ  ݷְ,ٰԴϴ "
728, ϴ.. ׻ ϴ !
729,ٺ  ׷͵ λ Ϻκ̴   ߴ κе..    ڶ ȯ ٸ   ִ  ູ   !   ٸ    ° :)   ѹ       ־ ƹ ص   ʾҴ  ־  ߰ Ѱſ   ϴ   ġ ٷ!:)
730, ŭ  ӻ ŭ     ū ູ Ÿ  긱̴  ִٸ ູ ִٴ   ݸ  Ƽ鼭 ູ ã ٸ鼭  س
731, 뷡 ã Դµ 񺸰 ϴ
732,"̷   ƺ  ұ   ðſ,  ̼  λ 鼭 ־  ߾  ɰſ,   ð  ʹ  뷡 ˰ Ǿ.  п ʹ  ߾  Ȱϴ. ׻  뷡 ÷ּż մϴ. õ  ,  Ϸ !"
733, 2ֳ    50  ּ..
734,ƹ     ˼̷ Դµ .. ٵ ó׿ ٵ ȭ!
735,ΰ谡 ̷  
736,"  ,׸ŭ ѰŴϱ ϰ,ϰ,Ҽ־  츮  ޷Դ͵ ,츮Բ ̷ﳽ͵   ޷° ?  ݾ"
737, ; ģ  ̸Ʈ õµ ؾ ݵ    ູߴ    ̸Ʈ   ־    ⵵ 
738,ѱ ̷뷡 ãƵ  ٴ   ñâ̱... ѹα ٲ...
739,  like strangers do  bãִµ ó ˰򿡶߳ ʹ ູ
740,"2022⿡ л Ǵµ , , 뵷,  ϴ ̵  Ű ֿϵ  ؾ  ϸ δ ϰ θ ϳ  ϰԵǾ,, ʹ  Ҿµ ̰  ̳  :)"
741, ܲҶ ̶ġϱ ..
742,մϴ п ϴٰ ٽ ߾ ֵðԿ.
743,"׳ 뷡  Դµ    ְ ̽Фаؿ  ̷ ۵ ϱ  Ѱ Ѱ ׿䤾(  ¡)۱  ֽ  ܿ ٸ    Խ е ׻ ǰϽð  ø ϼ!  ؿ ߷  ð """"   ׷  ſ  õ (?)!!....̷δ ΰ ȵǴ е ſ.........׷׻ ູϽð Գ!"
744," 3Դϴ.ϷϷ ư    µ ƹ   ۵ ٰ ϰ . ħ    ̰ܳ    ׿ ,,,   õ Ѵ ۿ  Ĺ Ȥö д  Ŵٸ   Ϸ絵  ϼ̱  ư λ   ʴٴ  ˰  ڽϴ !"
745,츮 ϴ   츮 ߱ ̴.
746,"   ޻̶     뷡 鼭  Ϸ縸ŭ  ٵ ູ   ;µ غ  ° ʹ Ƽ  ģ      ͺô.. ̶ 鼭 ѹ տ ''   غ  µ ⼭ ׳ ҷ.  Ѱ ,  ̻ϴ ."
747,ݵ ϰ ִ!   ߿ ȸ  ִٴ° ̶ Ŵ!ϰ !
748, ģ οµ..... ϸ鼭 ϱ  ..մϴ!!
749,°  Դµ      ƿ!
750,̸ ̸   ȼ !! ѹ غ !! .....׷    ; õ ȭ ؿ ?
751,ٽ   ִ  ϴ!
752,"2020 1 ݱ  ʰ  ٴϴ п ִµ ⲯؾ  п ε ׵ ð ʹ ο 25  Ϸ絵  ĥ ϰ  ٳµ ̹ ⵵ Ȯ ޶ ݱ  Ʈ   ƹ͵ ƴ϶     Ȯ Ŀµ ¦ ϰ Ⱦ  ʹ      Ҵµ ܵ  ܷ ʹ  ִ     ʹ  ߹ݿ װ    ʴ   λ  κ ϰ,    ߵ ŭ  ƴϾ ׷  п̶   ʾҾ   ʾ  ׳ ٴϱ ̷ϰ  ٳŵ   ʹ   ¿ ⺻    ִ    ڽŰ   ̾µ ű⼭ Ȱϴ 2  Ѵ ð     ڽŰ  ͵  𿩳    Ƽ ֵ鵵 ־  Ƽ ֵ鵵  ܳ  ű  ٸ   õ̶ ׷  ģ鵵 ʹ ູϸ鼭  ູ ڴٰ ູ϶ ϱ ʹ   ٰ ϴ ٵ  ű⼭     𸣰ھ ׳  ̰ ߱ ׷͹ۿ  ȳ..      ž ´° װɷ ε    ϱ ġڴ ¥ ϴ  ڴٰ ϴϱ θ ٽ غ  ô ׳  ޾Ƶ̽ô  Ѱ    ٸ п ˾ƺ鼭 ϴϱ  İ ٵ ׷ Ͱ   ̼ż ᱹ   Ѵ޸ ٸ"
753,    ִ   оʿ  Ҵ  ð Ұ ʿ ߴ  ð Ҿٵ   Ҿ ƴ    ٴ ֱ   оϱ  ȥ ϴ° ̰  ٸ ڶ ִ. ׶   ȥ ϰ ֱ    ׷   𸣰ھ ʿ  ڿ ׷ Ѱ ׷ٸ    Ѱ  ´ ̸Ƽ ǹ̴  .  ҷ  ȥ ΰ Ȱ Ȯϰ ڱ  λϴ°͵ . ̶   ־    㿡   ƴô.
754,  ̱.. ܾ ϱ⵵ ǰ ϱȰ ׳  ġ   ̳뷡 ׿.. 
755,̹⵵  峻 ̰ܳ  ߵɰŶ Ͻϴ ̹⵵  Ƴ   巯 ʾƾ Ѵٴ° ϴ
756,ģ   ̳ Ծ 鼭  Դ ĽŸ Դ  Դ  Դ  Ȱ  ìܸ԰ ٳ ȴ
757, ôµ 񱳴°  ̶Ʈ 츮 ε ϴ°Ͱ ٰ 游  ڱ 츮 ! õ  ?
758,   ؿ ѹ °Ű ̻ ǳ °ǵ ڸ    ʹ ߴ  뷡    Դµ  ƹ  Ƶ    ǳ  µ ׳ ...
759, ־ ÷̸Ʈ
760,ù  ϴ³뷡!! 
761,̰ ̳̾ ̰   ְ
762,"ٵ   Ⱥð Ȥ ˴ٸ  ϰվ ε ҰŰ ߾ϱ  ϴؿ Ⱓ̶   ǫ ڿ,  μ󿡼  ۿ åϸ f͵ ̰ ÿ ٶ ¾  վ :) ѵ ް ؾ 𸣰ٰ  ν   ΰ ȵɰſ ,,   ְ   ʹ ؿ ο 󿡼  ڽ Ѹݾƿ ?  ڻ ƿ :))  鼭   鼭 ϰ ǹ̾  ƴ  ڽ λε ǹհ մ  ƾ ߿ ȸ  ?    ˾ƿ   ϰ ãƺ  ϴ°   ϸ ູұ ..? ڵ̵ ̻Ѱŵ  ƿ ׳ װ Ҷ ڱڽ  ູ ˸ſ   쿣 ѵ ϴٰ ̵ ìְ   ̾ ٹ̰ ¥  ƴ? ٵ װ ׷ ູؿ  ƴ϶   ູ մ ϼվ :)    ̿?  ƿ    ϰ͵  ,, Ÿ ׷ ƴϿ  ƿ  !! 츮 ̰ܳڱ !!    ¢ ʹʹ ϰվ :3 ο ٸ   ϴ°ó  װ ׻ п  ȸ´°  ϰ  Ʋ ƴ     ٸſ ׻ ؿ ߷  ؿ  ϸ   ߷ؿ? ߷ ϸ  ٸ  ܳµ   ٸ ű⿡  ſ?    ؿ   ʴ´ٸ    ϸ  غ  ٸ Ǹ  ,, ׸  ҷ  ̹ ϰմ°ɿ  +  ʹ ؿ Ϸ絵 ʹʹ ް  ǫ     ϰ  ̸  :) о༭  :) ׸   Ϸ絵  ༭ ʹ  ¥ "
763,ǥ Ǯ Ʋµ  ѷڽ ϴ°ź Ÿ° ϴٰ ٽ 
764,⿡ ִ  µ ̸  
765,"""  ?""""װ ٸ   ڽ Ƽ"""
766,"""   λ  ôٺ ڿ ޴  ž ""-  -"
767, ִ η Ⲩ ο ϴ  ڽ Īϰ ġְ   ִ  Ǳ
768,츮 ݱ    ؿ԰ ε ׷Ŵϱ  ް ִ ÷õ  ϳ ߾  ŵ 絵 ̷ 츰 ູߴ  ݾ װ  ʰ 鶩    ѹ  ° ̾ ׷ϱ 츮 ݸŭ 츮 ޷Դ  ϸ   ѹ     ڴ  
769, ູؼ      ʴ´
770, . ϱ⿡ ̹  Գ  ʹ ̾ ݾƿ.   ư   ٰſ.
771,"¼   10 Ȳϰ  ,   ٸ     ٸ  ٴ , ¶       д´ٴ , ̷  ư  ñâ̾ ް  ׾ ٴ ٴ , ׸       ִ   ִٴ .     ư װ  ƴ ᱹ ϰ ذؾѴٴ .   뵵 ĵ,  ູ  ¾ư鼭 ϰ ưž.       ž."
772,ؼ ! ҋ  ƿ!!!
773,ֱ θϰ  οð ݵ  ϼż ó ִ¸ ̵µ    ̳    뷡   ǳ׿....  ϵ  鰣  ?
774,׻   ϴ  ε ׷ٸ 츮     ʾҴ   ƴұ? ׻ ູϽð   ͵  ̰ܳŶ մϴ.   Ϸ Ϸ   ϼ̽ϴ.
775, ؾ  𸣰ھ ʹ ܷӰ Ӱ ϰ...     𸣰ھ.ѹ̶    ð ....    ;
776, Ǹ     ̷  µ ϴ 뷡 ٺ   ׿ ٵ ̷   ٵ  εǴ 뷡 ٰ ູ ̷ غ
777,ۺ ް ѹ  Ϸ
778, 鶧    ׿....  Ǯ ϴ...................
779,ݹ   뷡 ƴµ   ׿䤻 ιް ϴ١
780,"¶ Ǵ Ϳ   ʾ  ư,Ƽ ġ ϴ   ھ̶ ϰ.. .׷  ܰ  ܰ   ɾ ö󰡸 ᱹ  󿡼   ϵ, 赵  ܿܿ ɾ ö󰡸  ϰſ.   ִ 𸣰ھ.   帮  ޼ ""  ""   ̳׿.ƹ  ĵ  ¼   ̰ܳ   ̶ Ͼ.  ȭսô :)"
781,  ѵ   ִ° ʹ  t f ݹ ν ̷ ε  Ǵ°Ű  츮
782,  ӡ.. ..  Ѹ Ѹ  ȴ ٽ ưִ ưְ  
783,뷡  ۵  ̳!!!
784,и Ű ڼ ٽ غ ʹ Ű..  ְ ; Դµ ۵  Ǵ  õ  ݸŭ ʹ ູϴ
785,ߴ  ° °  ʴٳ ° ٹ 3 Ʊѻ ̷  غ  ̷ Ű. 赵  𸣰. ̹ ѵι ƴϰ ͸  ¥ Ǹ ߴµ ° ʹ  ׳ 縦  ưʹ    ϴ εպε δ ϳ ϰʹ Ӹ ؼ ᵵ ڰ 12ÿ ̰ ϴ̾¥ ¥ ߾. ߾.  ٽô    ϰ. װ  ӻ.  3 β ŷ  ּ. Źؿ. .
786, ּູϰּϰ ູϰּ䰡 ּ
787,"      ٽ   ģ ְ ִ ʰ ʹ ̿,  ݱ ʸ  ϰ ȥ  δ°ɱ.̰       ϴ  ӻϴ.Ϸ Ҷ,   ׶   ִ°ǵ.ðŸ , Ÿ     輱    ϴ°ž.  򰥸 ϴ  ,  ʸ ϴ°ɱ.̷  ʹ  ϰ, δ ȸ.ʿ  ɼ ׳  ڴµ,ʿ  ɼ ֱ⿡  ̷ ֳ.׳ ʸ  ٴ,   ʾ? ʸ  غ  𸣰, ʸ    ֺ ־.ݵ  ƴµ, ʰ  ֺ ׶     Ƽ, ¥ ׷ٰ Ĺ  Ƽ. ߾,  ϰ ־, ε    ."
788,¥  ʹ Ʈ ޴´. 뷡 ±
789, Ӹ  ..   ؾߵ б  ϴ° ؾ..̰   ..
790,۰ ϰڴٰ  پ  ߴµ   ʹ   ϰ ʹ       ʹ    
791,ʹ    ȳ  ´ٴ  򿡼 ǰ ¥ ۰Ÿ  ȵȴٰ ߴµ ⻵ ۼ     Ư ð  .
792,". 뷡  ۵    ʹູؿ .Ұ ؼ Ѱµ̳뷡  ֳ׿䳪 Ͽ ġ,Ͽ Ͽ . ׷ ѰεǾ ο ,Ѹ  ƿݾ  ɰ־  ֺ߰ڳ׿:)"
793," ʿ    ְ,   ص ǰ ּ ߿"
794,  뷡   ã   1°
795," ʹ    10 ..׷ ׵ ؿԴ  ó  ߺ !̷ ð ־ ߿     ð ״ϱ ..׸  Ƽ   ̰͵ ȸ  ! ð  ε â س Ƿ ÷ !׸  â ŭ  ̰鼭  !߿ ߾̶   ְ ,1  ̸ ￡ ְ..  1  ݿ  ..׷ ׾ư°ž   ߾ .   ־. ؿԵ  Ұž. ־ ȭ !"
796,  ƴϾٴ       .. ΰ ˴ϴ 
797, ..  2  ߾ ǳ..  ϰ лȰ ϰʹ
798,ڷγ  ..  ϳϳ ߾̾.. ֵ  ..Ÿ .. ħ ⸦ ø鼭 .. ģ  ޴    ߾̱..  Ϸغ    ʴ° ϶..   ƹ  ϰ  ֶ׸ֶ.. ̷  ³ ʹ..   ƺ ʹ..
799, ־  ִ¹  ־  ִ¹Ű ־ ְ ̷ ִ¹ʰ ־  ִ¹    ѹ
800,ж ó ̶  ٸ̶ 带 ̶̰ ͸ 
801,  ٽ е  ε̾.. 6õ ߿ ̶     常 ϰ  úŴ  ۿ  ˾Ҵµ ¥ մϴ      е  ƿ  ; ϴ ~~^^
802, ¥  ۺ ٴ¸  ?ߴµ 󱼵  𸣴  ִ ۺ 5ʸ .. ̷   ̾
803,ٵ  Ϸ絵  :)
804,"ǹ   ð ٰ ؿ. װ  ڵ  ̵,  ϴ ̵ .  ð   ſ װ ǹ ִ  ƴұ? ƹ   ð      ƴ϶ ſ :)  ð  ð   츮  ູ    ƿ.  Ϸ絵  Ҿ  ϵ, ״    Ϸ縦  ٶ!"
805, λ ϶ ° ƴϾ. ص ູϴٴ  ŵ.񰡸  ̹  ǰھ ƹ͵ ̷ ϰ ϰ λ Ǵ°ž. ׷ϱ ϰ   ϸ鼭 ƶ. ʰ 󿡼  ڰ ٸ ν ູ ھ.  !
806, 뷡 ƿ ! 
807,"ʸ  ° ƴϾ ʶ  °ž߳ʸ  ƴϾ߳ʶ ̰ܳ, ʴϱ ٸ  ƴ  λ ΰ  ʴϱ. Ƽ ٺ  ž ʴϱ, ʶ ƾ ׷ϱ  ,   ìܸ԰  ڰ  Ͼ  ظ    ׷  , ־,    ݾ? ׷ϱ  Ƽ Ƽ   ٽÿ   , ٰ ״ϱ ٵ   ٽ ã  װ    ϱ ٽô ϰ  ʰ  ʱ⸦ ٶ 2021   ٸ   ʱ⸦ ٶ  "
808, κ鼭    Ǯ
809,  Ǯٰ Ӹ  Խϴ
810,"ۺ ле ׿..  40ε л Ŵ ̷ Ϸ..   ̴밡 ٸ л̶  ..  .. ٸ,  غ ¥  ϷƲ  ū Ʋ  Ʋ ʴ´ٴ°ſ..  λ ɺ ° ƴݾƿ.. ׷   ٰ ƿ..     ð̶  .. ׷ ſ!!"
811,  5ϳ ε ʹ Ҿϰ     Ѹ ͳ׿..
812,õ !츰    ̶°!  Ѿ ӹŷ  ٽ Ͼ Ǵϱ!  ־ٸ   ݾƿ! ƹ 𸣱⿡..! غ!
813,",,ظ  ʸ ̷ǥ  κ. ų ġų װ͵ 鿡 ϸ ظ ĥ   ǥ ô,ô,ظô   , ȥ϶  ڽ ϴ     ô,ô  ǹȾ  ¥ ģ ̾߱⸦ ְ,ְ,㵵 Ҽ ģ ѹ  ص "
814,"""  Ͽ,    Ǿ.       ƹ  ǥ ص,  ؼ  ص, ƹ   ص, ƹ  ɵ, , ε  ʾҾ.        ־ ."" - <> ߿"
815,ŭ  ŭ ϸŭ  ̾׷ Ʃ꿡    ̶ ġٰ 뷡 ٰ Ÿ Դµ ۺ ׸  ȥ ȳ׿   Ϸ ٵ ༭      ƺԿ   ŭ  ְ  ̳׿
816,"  ڽŵ   ٵ ٰ ְ ִ°     ѹα   ϱ..°      ,  ̼ ϳ   Դϴ. ̼ ¾༭ ׸ ؿ ¿   츮  °͵  ݾƿ   ƿ, 츮 ñⰡ ̷, 츮 ٰ  ߺ ׷ ߿ и   ſ  ϴ   翡 ־    ? ģ¿? ǰ  ..?׷ 츮 ٰ    о༭  :)"
817,׳  ã Դµ ڱ  ְ   ڱ  ۵   ϸ ƿ並   帣  ۾Ƴ鼭  Ѵ
818, ߵɲ׷ ִ   ߵɲϱ  Ϸ ϼ̾
819,"ó ̶     ϰ ϷϷ簡  Ǵ   ˾Ҿ.  ó ׷ ,        Ҿ ̾  Ǵ° ̾ ǸĿ Ǵ ̰  ݺϴϱ  ¥ .    ü   Ӹ ׷  ä .."
820,"  Ǿ ~  ?  λ ư° ٷ ̰, ׿  ϰ å γϸ ϷϷ ư° ̴ϱ.  ų Ű澲 ,  ڽ  Ҹ ͸ ￩"
821,ϱ  
822,̷ ȵǴ° ˸鼭    ִ  ʹ ѽ   ð ʹ  °   ڽ ȭ ⵵ ϰ ׷µ  ׷ ƴϿ׿ 뷡   Կ:-)
823,麸 󸶳 İ ߿Ѱ ƴ϶ ΰİ ߿ϴ
824,ī信  µ Ӹ ļ ˻ߴ  ߱淡  ͺýϴ Ф  ϰ   ͳ׿
825,ȳϼ    3 лԴϴ...ʹ ׿...غ ҷ  غ ѰͰƿ...׷ 뷡ٺϱ θ ޴°Ͱϴ...ص غô..
826," ָ ;. ó  緯ʾƵ  ׻  ᰡ ְ ؾ       ϰ̿ ھ.  ĵ θ, â ̺ ɾ  ϴ  ĿǸ ø  Ϸ縦  ;. Ȳ   ذ  ϴ  ۶ ׷ Ϸ縦 ;. ڱ  ϰ ⸦ ø Ҹ ͶѶ̼Ҹ ;. ׷ ̰ ׳ ȯ̴."
827,      Ѵٹ ҰԿ    츮   ÷ ޾   ÷ ޴̱   ÷ غ ϸ      غ  ݾƿ? ƹ͵ غ ʰ  ҷ ҷ ̷   ϰھ ׷ݾƿ ׷ϱ     ϵ  ؾ ǿ ϴ   Ǳ ٷ ..... ߿    ִ   ̰  ູҰſ !!
828,Ͽ ׻ ູ   ׻  ʾƿ. ϴٰ  ŭ ູ ƿͿ䤾  ٸ İ     ׸ ؿ ε ڰ  ̿. ׸  ׸ ϰ  ູ  ϵ      ðſ~    Ǿ ڳ׿~   ð 츮    ä?
829, ˼  ʴ :    뷡. ˼۸  ̾ϰ ӻϱ . ˼۸  ٽ ưͱ 
830, ҹϳ  ٸ ƿԴµ 2г  Ͱ    ҹ   ̾.. 17 鼭 ̷ ҹ ó̶  絥 ģ  ༭ ׳ 
831,۵ ΰ ǳ׿ 
832,Ŵ  翡 ...ʹ   ϴ     λ   ̴ϱ...!
833,ް  Ϸ.. ȸ 뷡 
834,", ƹ͵,   ϱȾ° ,,׷ ؾҰ ϱ, ¿    ,ڱ ڽ ä ذ鼭  е,  ؼ 뷡   д . 뷡    ִ ð ϱ       غô.ε ̰,  ȸ ʰ ð . :)"
835,"̼ ִ  е鲲մϴ,ϴ,̾մϴ,."
836, ϴ   .  ġ ִ ̶   ġ ֽϴ.  õϼ.׸ ȸ   ϴٺ   ġ Ÿſ.ó   ȸɶ ſ.װ  ߵ  ̵  ڰ Ǿ̴ϴ.
837,"Ӹӿ  ׳  ϴ. ó      ٰ ִ. Ÿε û ̺ б ô.  ׳    ?  ԰ λ ߴ. ׳൵ ڱⰡ ȣ  ִµ    ұ?   ׳డ ׷ ߴٰ ̴ּ.    ⸦ . , ģ 忡    ̴.  ϴ   ƴ, ׳డ   ұ? Ͱ ֺ  ü  ߴٰ ̸ ?    ִ. ׸ ó   Դ.  ׳  Ͱ ʹ.    ٲ   .   Ǳ. ؼ о ϴ"
838,ƹ     ٸ簡 ʹ
839, ٽÿͼ »!!!  θԲ ⵿ ӿ ִ   ϰ ׿   ӻϱ⵵  Ը԰ Բ  ķϱ⵵ ϳ׿.  ״° Ⱦؼ װʹ  ѹ    ŵ... ϵ   ŷ...ڽ ϴ  ϴ  ..׷! ׷ 츮 ߰ ݾƿ~     ׷  ڽſԷ ߰      ŵ Ȥ Ȳϰ ִٸ    ٰ! Ȥ ϻ ̸ Ҵ  ø    ھ.츮 ׵ ߾!!! ׷  ڱ  ħ  ÿϰ Ѹ鼭 Ͼ! ź!! о༭ !!! ູϱ ٶԿ ̸ !
840,̷ ܸ  󿡼׶ص ƹ   ʴ 󿡼׶ϴٰ ̾Ʈ  ʿ  󿡼麸 ԰  ٰ  ʴ 󿡼 ¾  ְ ּ(+ ޾Ƶ̰  ڱ  ϰ ־  ..)
841,"  ° ְΰž,    İ ,    .     ƴ ô װ ƴ ̻    Ұž.װ װ    ̰  , 츮  ݸ  ƺ"
842,⸻  90 Ѱּ!!
843,ڲ ֺ   ϴ ˰־  ĥ  ͼ  
844,鶧 ° ƴµ    Ҽ־!
845, ߰ڳ׿  Ⱓٵ ߰  𺸴ϱ ٵ 
846,ȸ  ˸鼭 ޴   Ϸ簡 Ʊ׿ ̷ ̷  ̷  ˸鼭   ϰ ߰Կ  3 ϰ ּ ¥....
847,θ ȥ  е ׸ŭ   ֽŴٴ ̳
848,׷ ̷ 뷡 鼭 ȭ  鼭  ִ ߾ ־ ̴..  ʹ 
849,  𸣰  ʹ¥!!!!!!!!!!!
850,ģߴ ģ õ øε  ģ ۽  3̳    ϴ  ȴ ܿܿ ƿͼ ⸦   𸣰  ȹٷ ϴ ´    ϳ׿ ϴ° ֱó ȹٷ  ϴ ¿   ° ƿ  ׿ ..
851,츰 Ÿ ׸ ϸ   ׷    ð  ȸϰ ɲ ׷ 츰 Ÿ ׸  ŭ ߻ Գ ״ϱ  ̼  ٴٿ  ÷   ߹ ̳ ġ   ذ  ˾ƺ ׷   غ    ְ
852,¥   ϰ Ӹ ϰ ϰ ؾҰŴ  ϸ ϰ  ̷ 𸣰ڰ ׳  ڴ Ͼ ; ¥   𸣰   ׷ ҵ  ΰ Ʈ ...
853,  ʹ 
854,Ű  Ѻ ׻ ƴ ... ¥  û 뽺... ׸  Ȳϰ ̷ ηƴ...  Ÿ   ʰ  Ÿ  .      ص 絵 ̴..  ΰ迡 ҿܵǰ ܷο  㹫ϰ ϰ ߴµ   ϴ...  ó   .. ູϴٰ غص ְ   ...  Ѹ ־   ᱹ   λ °Ŵ ڲٸ ־ Ҽ...  ó Ȥ 麸  ູϰ  ... 뽺 ...
855,̹       ̷   Ӹ ʹµ    ƿ    ڳ׿
856,  ʾ Ӹ ϰ и  ũƲ  Ʒ Ϻη 뷡 ãƺ  ƴ ϸ Ӹ   Ϻη 뿡 ְ־
857,  ̴ϱ    ູϰ  
858,ù     ....
859," ϴ ̵,  ϴ     θ ൵ ΰ  ȵ. ,  ׷ ݾ. Ӹ    ϰ  ϱ Ȱ Ϸ    ġ   ̷.. İ?  °ž.   𸣴° ."
860,  鶧 ;߰ھ ۺϱ  ʹ ۹ۿ ФФФФФ ?
861,ٵ ̻ڰ  鸸 ּż 
862, ʹ Ƽ   ̰  Ʋ Ŀ  ޺  ذ
863, Ͼµ ҸӴϰ ư̴ٴ ҽ ޾Ҿ..   µ  ġ   ǰ ߾ȳµ ݵ ٽúٰϴϱ  ׿.... Ű..?
864,Ŵ Ű  ̴ϱ ذ 縦 ƾϴµ װ  ȵ.. Ű ʹ ູ߳ ..
865,   Ӹ  ǥ    ƹ    ܷο  
866,ƹ Ϸ;:)
867,   ھ
868,"׳ ׷  ʾƿ? ƹ ,   ϰ ִٰ  е ,   ȵ  ̻ . ׷ , ׳ .  15и ̶󵵿.  ų   ,  ⼭ "
869," 1~2 ص   1 ϰ п    ͼ ϰ ǰ  ϴ 2Դϴ.. 2 ߹ ķ  ϰ  ϴ  ؾԾ..  Ϸ糡 ׻ ȸ  å̾µ  ׷ٺ  װ͵ ׷ ϰ Ѿ ִ󱸿. ׷ϱ  ԰ ڰ ϰ͵ ϰ ڵ ǹ̾ ϰ...  ° ϳ  ٰ     Ǳ  ȳҴµ ¥ ̷ٰ θ 극Ŀ ɰ 󱸿.  ׵ θ ӵ  ⿴..׷   ϸ  ⸦   е  Բ ī䰡 θ ϱ ߾. ϴ ̶  ü   ¶ ȥ  ׻  ֱ ̾..   ϰ   ϸ鼭  ġ  ߴµ.. ׷ ְ  ڱ ڷγ ¶   ̷ ..   ȸ ߾. ⸦ ȸ ڰ. Ŭ Ƽ  ո̰(ƴ  ֤Ӹ) б п    Ǵ ,   غڰ ߾. Ե ϴٺ   󸶳 û ð ´ ˰ԵǾ ׼   ׻  Ҿߴµ,  ϰ ѵνð ɾ־  ð ׷.. Ϸ絵 ξ ֳ׿:)   ʹ µ..Ȥ  θ ϱ   е..!!Ѱ  ¥..  ޶ϴн ġ° ٸ ϴ  å б  ϴ°͵  Ǵ󱸿!!׷ϱ  ϱⰡ η  е !"
870,ʵл Ҵ... б Ҵ....  ....л ...ϴµڲ Ű  ƺ̴   ̷.
871," ̷  Ʈ ޴ 𸣰...̶ܿ ׷ Ǻε  ǵ ٽ  Ӹᵵ  Ⱓ̶ δ ؾϰ ģ  Ű ϴ°͵ Ӹ  鵵 ̷  ȸ´.....ȥ ٴٰ ϰ ʹ,,,"
872,¥ ΰ谡 ʹٸ Ҷ ȭϸ鼭 ﶧ ⿡      ѰԾµ ھ̶ֵ ģϴٰ ̶  ٸ԰ Ż    뷡 Դٰ ۶   ¥   žƴѵ  ϾԴ ģ    װ ٽ¾°͵ ܲ ʹ ..
873, Ծ..  ߿ض 鼭  𸣰  Ծ..ٵ ܳ      Ǿٽ ö ̾..  ߿Ѱ..¥..¥ ´°ž?!...
874,"¥ Ӹ  ϵ õ ʹ  Ͼ  ʹ ϰ Ӹ ļ  ̻ Ӹ Ⱦ ڰ   õ  ̷ ..      ִ°.. ̷  ð Ʊ ʹ Ӹ .   ٰ  ָ ڴµ,   翡   ָ ڴµ, ƹ  ȵֳ. ֺ   ȥΰ͸    .."
875,ٷ̿  ʴ 谡    ־´ 谡  ־ ھ.  ƴϴϱ   ͳ׿..
876,"""Make a million mistakes just quit to earn your energy making the same mistakes"" ̰ Ǽ  ǿ. ׳  Ǽ ݺϴµ   ƿ."
877,Ͽ ȸ   к   ȸϱ
878,ſ ϸ θ ٶ  ൿ ڵ . //// ϴ ϸ  !!
879,б ʹ  ƿ Ե  س ݾƿ :)
880,  ʹ ... 뷡  ۵ 
881,"б Ȱ    ٻڰ б̳ п ζ  ô޸  ϰ    ϰ ־ Ϸ簡 ķ   ̾ų  Ŀ ϰ  ȵθ Ʋ    Ÿ   ȭ   ƿ,,,  Ͽ ߰ ׽ϴ...."
882,ƹ  츮  𸣸  
883,   Ȱ
884,  ε   Ҿ ڲ ɵƼ ϸ鼭  ãƿԳ׿...
885,鶧   !  λ ʳ ʹ ޷ٺ  峪 ġ󱸿!!   ƿ
886,ؿ..????   Ż
887, ó   ູϰ ƹ 簨  ູϰ  ּ
888,  ۶鼭   Ϸ  
889,ƿ  ; ãƿԳ׿.. ֱٿ ƴ  ±Ⱑ ִ°   ιް θ ־..մϴ
890,"""3kmͳ̶  ֱ ɸ  ݹ  ָ  ɸŰ ݹ  ݹ̶ܾ ʰ ϴ ɾ  Ѱ  ູϰԻ"""
891, ڽ  ڽ ߴ ൿ ٽ  Ե ̷   ɲ Ͼ Ե ݱ ƿԴ ó  ̰ܳ 𸣰  ڿ Ҳ    ˾ƿ  ȭ ϰ ƿԴ    ׳   ڽŰ ο켼 Ե  ̱沨 Ͼ ȭϼ!!;)
892, ƹ͵ 𸣴 ȣ ϰ    ׶׷ϴ Ķ   ̻ ߾̵Ǵ°ǵ ̰԰  ηư     ư ;  ʹ  ˾ƹ ɽ Ѱ ̾ƴ  ڽ̴
893, ĥ      ʹ .  Դϴ.
894, ־ 뷡  ⿡  ....?
895,ٵ г  ⸻ ȭ!!
896,λ  Ÿ ִ° ƴϿ
897,ٵ  ?
898,    Ǵ  ?
899,"  鼭 ϱ....     ;׿.   л ƴµ б    20  1Դϴ.    б   ε忴µ Ϸ翡  6  б     ġ   ¶  ʹ ؼ       ߾. ׷    ģ鵵  ʹٺ бȰ ׷... ϴ. ٵ ̿   츮 Ӵϲ ڲٸ  浹 Ͼ ׻ ó ޾ƿ. ׷  ϽŴٴ  ˱⿡       ʹ óްŵ. ű ڱ   ε巯Ⱑ ڱ Ͼ   ̶ Ծ    ìܸԾ ϰ б   п 2 ٳ  ԰ ɰ ġ  ð̿.  ȯ. Դٰ ᵵ  ڼ װ װʹ Ʈ  ޽ϴ. ¥ ׳  ϰ ̳    ּΰɱ?  ٸ   ص ,  ؿͼ   ʰ  ԰  ȭ ̶  ޵ ϰ ƴµ ̷ ۿ  ϴ  ʹ ѽϰ ʹ ... ̷ ᳻  ض. ƴ ׷   .  ۵ ټ    ٽ     غ ϴ."
900,"ٸ   ϰ  ģ  Ǽ ģ ̹      ̼ܵ  ߳ ôٴµ װ  Ʈ û ް ū ϵ ƴϿ ο   ģ ƴϾµ,ٵ  ٸ   ģ ִ ٸ ģ ǿͼ ڱݾֵ ٸѰŰ  ־     ÿ  ߴµ ϰ ϱ ʹ ϰ  ǥ    Ʊ   ð  ٵ װ ٸ ְ  ߳..?  Ű ٷ ϰ  ڰ Ѱ ¥  ƿ ʹ 㹫ؿ  ̷Գ Ʈ ްִµ   ִ ڱⰡ Ѹ  ׷ٰ ϴ ְ   ..׳ ׷ſ ȥ ϰ 㹫ؼ Ŵϱ.. 뷡 ׿.."
901,׳   鷯þ ׵ ʹ    Ѱ Ƽ  ϱ ϳ׿
902,  ģ  ¾̶ֵ  Ƽ ְ  ..ణ ̷  ܼ 峭     ϱ  ȱ׷ٰ ϴµ..ֶ  ֵ  ֺ   ڶ  ٰ   ǰ µ ֵ  Ŷ  տ ֵ  ޴ ̱ ڿ    ..   µ ְ   ֵ ޴   Ȥ   ٸֵ  ° ƴѰ..ϴ   ̷  Ѱɱ ƴ ϱ   Ƽ ̷..¥  Ͼ ̷ 𸣰ڴ ..ģ Ͼ ϴµ ģ Ͼ ϴ  ѽϰ ̻ ׸ ģ ̾ ..̷ ȣϱ   ϰ  ϴ ̷ϱ ȣ °ɱ  ֵ ִ  ַ ϴµ ֵ ׷  ȣ .. ִ  ַ  󸶳 ϴµ.. ٤
903,ֵ~ ŭ  ð   ¥ ͵ ƴϴ!~  ٵ  Ծ   ~
904,.. б  Բ  ģ    ߸ Ѱ   ׶ ŭ     .. ׳  Ҹ Ҿ..ģ ׷  ߴٴ ģ ڿ ׷ ϰ ϴٴ.. ģ ƿ ߸ Ѱ ƴ ƹ ڱ ׷ 濡   ϴٴ.. ʹ ...ٵ     츮  ſ..   濡 ־..׻̿  𸣰 ׷  ߴٴ..  ..ģ Ѽ ΰ Ҵ... տ ׻ ߴµ.. Բ  帱   ̶ȴ..   ʹ ..  Ѱǰ..(˼ؿ..ʹ  ؼ о   ۿ ..)
905,     о    ле. ߿  ﵵ ׸ų ߾  ?    λ ȸ  ƺô.
906,ȵǴ°     ð ٸͻ ȵȴٰ ϴϱ ȵǴ° ȵǴ° 
907,"   ٸ   þ  Ӹ ϰ ð  ƹϵ ƴϾ  ߹ߺô ,׸ "
908,θ  ؾ ϴ  ˰ϱ  ڽ   . 츮  Ҵٰ  Ǵ  ƴϴϱ...
909,о ǳ ġ̰   Ѵٰ  ԰ ۿ ǳ  ؼ п ܵ ġְ õ п ̶ ϰ п ѹ Ȱ û ϰ ¥  ϰ   ȵǴ° ¥ ¼°ž  ̷  ٶ° ģ ̿ ǳ  ϰ   ƴµ  ߴµ 20߿ 7 Ʋ ¥   ʹ Ⱦϴ°  δ װ  ׷⿡   쳯 ʹ Ұ     ְ ¥   ηθ    ѱ    ݵ 絥 ߿ 󸶳     ģ麸 θ ұ   ص       븦 ұ ׳     ؾָ ڴ
910,  ̷ ...
911,12 24  1 4    ôµ 1б⶧   20 öٿ 35̿  55 ƾ ФФ     ƴ  󱸿  5 ö е 18 ö ȸ 12 ö  ƴ    躸µ ݱ  62ε 65 ÷Կ ٵ 
912, ۵  ؼ ʹ  ... __ ¥ а  Ƴ ; !е !!  ϰ  е    翡
913,Ѹŭ ϸǴϱ ʹ Ǹڳʰ ׸ŭ ߱⶧   ִ°ž
914,ٵ ̷ ۵ ޾༭ 
915,뷡  Դµ  ش
916, .   . Ҹ . ׸  .
917, ¥ ߷ µ  зְ ؾ ϴ°     䤻 ̳뷡 ϱ ׷ ׿?
918,̻  η   η..ŷ ư ִٸ 4춧  ư ʹ   ׶ ƴϸ   ǹ̰ ٶ
919,"  긮 ִ     ư , ϱ  ΰ"
920,"ʹ  Ŀ,,,,,׳ Ϸ  غ  ǵ  ̰  ǰ     ư      о  ٸ  ʺ   ٰ ϰ  ƹ ͵ ƴ϶  ϰ¥ ʹ   ʹ  𸣴   ҳ ٸ ״     ʹ ϰ 󿡼  ħϴٰ װ ¥    ,,,ʹ ȭ  Ҿϰ ¥ ,,,׷   ã Խϴ,,,, ȭǮ̸ ۿ ޾ƹȳ׿, ˼մϴ,, "
921,  Ϳ ų   ڰ µ   帣    ־  ڽ  Ӱ  ־  Ӱǥϸ  ۰Ÿ      ݾƹ   𿡴ٰ  ٰ ش޶ 𰡼 ǥؾߵǴ°ɱ   ο     ѰŰ
922,ģ ǾƳп  ϴ ׸
923,"ʰ ȱ   ٵ װ ʹ ,     ʾ     ʾҰݵ . ϵ鵵 ð   ƴϾ,  ϵ ƺ и  ƴ״ϱ.ư°ž.츮 20  â̴ϱ.ϸ óظŭ ó޾  ߵ   ļ  , ȸ غ.  ͵ ϴ°ž.귯 Ŵ ̹ ⿡ ƿ ʾƱ׷ °ž    , ġ°ž߹̷ø   ư°ž. ϸ     . Ұž ϸ    ʴ°ž. ϸ, Ҹ  ģ ٰ   οϸ   ·Ӱ ־   Ƽ°ž  ȸ ư ʾ Ź     ϴ°.  ׷ɱ? .ƹ͵    츰 ׸ŭ λ °Ű ˾ư ϴ°ž   Ŀ  ޶°Ŵϱ. ,  Ķ,  ο ϳ ĥϸ ľ°žߵ, ϰ ȸڽа ηƴٰ ٰ ȸϴ  , ׷   ʱγ ϰ  ȭŰ.    ִ 20ϱ., .   а  ٽ Ǯ°ž.ٽ  ĥغ°ž.  ູ  ,  ູ ô ص    ʹ ̿ϰ  ʱ.̿ ¾  ʹ  .뷡    ͵, 뷡    ͵  ¾   ִ°͵̱⿡ ϰ,  ޴°Ŵٴ翬 ¼ 翬  ͵̷ ͵ ޸ ϸ,  ޸ .󱼵 𸣴  κ  θ  θ ޷._  ⸦    ȭ ġо ⵵ ε ְ    ᱹ  ߿Ѱ ڽ ̱⿡   Ͼ ٶ.̿ , ׷  . ϱ Ѵ."
924,Ȥ   ޾  ɱ ? ٴٶ ̱ⱸ  ʹ ڰ 췯׿ Ф ڷγ   డ ;
925,ǿ ־ ΰ 
926,Ӹؼ 뷡 Դٰ 񺸰 ΰ Դϴ.
927,"  ˰־   ׷  ̷̿ ູ  ؼ ƿ ⸸ ϸ ̷ ʳ ƴ, ູ ſ Ϸζ   ֱ ٶ"
928,     
929, ӹŷ   ڽ  ູ ð ° 
930,   ξ  ٵ 
931,¥ ģ ̷  ó̴... տ ô   ڿ ޴   ¥ 2018 ư  ۿ ...
932,   ʹ װ ʹٴ  ϰ  Ϸ翡 ѹ  ģ̶ ض   Ǽ ߳    ϷϷ Ҿϰ  ½ð ȭĭ ¥ ͼ  ׷ ݺ޾ ٵ   赵  Ҿ ׼ 2⵿ ʹ ģ  ̺뺸ؼ  װ;  ¥ ȥڱ ; ׷  ӳ Ƽ ʹ  ..
933,  Ÿ µ ڱ  ؼ  ...
934,߶good
935,"1ε..  Ŭ̳ Ʋ ְ,   Ҿϰ ϴ  Ʈ.. ڰ..   ϴ° ? ̰  ߵ? λ Ե   ˷ּ1 ׿..   ؿв ູ, 1 ڿ ٽ ðԿ"
936,ģ  Ʈ ޾Ƽ ʹ׿ ФФ   뷡 ϱ   ׿
937,"  ǽ ϰ °? ׳ ڽŸ ູϰ ƶ. װ  ǹִ λ̴.   ǽϸ  𸣰  λ °? ڽſ  ҳ?   ϰ,   ϰͰ   ǽϸ     ϴ°?  ູϸ Ǵ°̴. ڽ ϴ°͵ 𸣰  װ  ǹΰ?"
938,Ŵ ׸̷ ηƳ
939, ĵ  ๻ص ϱ   ... ϵ ϵ ʰ ߵǰ ָ 񺸴   ѻ ٰۻ   ʰ  ư°  ߿Ѱž_ ̰   ...
940,е õ   Ҿ
941,"    Ȳ ִ е  ̳׿.     ʹ ۿ.   ...      Ǯ° ó  װ ׳ ݸ   Ǯ°ſ.   Ǯ° ƴ϶.  Ѵٰ  . ɼ ٰ  .  ٰ ٽ  غ .  ɼ ְ  س ־. (+ٵ  ص ƿ. ΰ  Ϻ ΰ?  Ϻϰ س ڱ ڽſ ʹ δ㰨  ...   Ҽ ִ ŭ  ϸ , Ϻ ʿ . ׷ϱ ʹ å ƿ)  ҰԿ. ׸ ...    ƿ.... ¥..."
942," ΰ  ־...,  ñ⿴µ   Ή! մϴ! (   ...)"
943, ø  ϴ 2   Ƴ׿ ߵ ϴ......ߵ ູ ſ
944," ϴ¾ְ ִµ   ¶ ϴٴ°  ˾..  Ѵٴ°͸ ˰.. ׷ ߾ ȱ ô ϰ־ 2    Ż 3̳    ϸ  ֵ  Ű澲̴ϱ Ƽ ȳ   ָ ڴ ƹ..ȳ   Ծ ̹ ٸ ̾߱䵥 !!   Ŀ ģ µ  Ѵ޵ ....  ־ ϰ Ѹ  ·  ٲ Ǿ ¶  ݹ ..λ    ɶؿ     ʴϴ,, ̹⵵ ǥ  ġ      ̴ְϱ!!  ε ſ䤻  ðԿ ȳ礷"
945,  ǰ μ  λ   ּ
946,ϸ ٽ ϰ ϴٺ  Ű...
947, 3ε θ   ʴ л̶ ⸸ ϴٰ ֱٿ   Ϸ絵    ٴϸ鼭   Ÿ ϴٰ ص ǰ ǰϰ ߴµ   ϴ ٸ  ұ е ٵ 
948,  Ǽ ؿ?Ǽ  ϴ°ſڽɰ  ȥڰ ƴմϴ鶧 ܷοﶧ Ϳ  Ǿ 帮 ;
949,"4ð,, ͳ뷡ġ ׿䤾 ߵ  뺹ϰڽϴ~!"
950,"Ŵ ׸  ư ̷  ηư  簡 ̷ Ŷ ϰ ׷ ̷ 簡 ׸ ̷   ġµ ̷  ² ߿°Ű... ٵ  ϸ ² ߿° ǰ̰ ׵ ϰ 絥  ߿ ŵε.. ϸ Ѱ..... ߼  Ÿ     ູ  ˾.. ׷ϱ ϷϷ ñϰ ϰ ڱ    ?  ģ н  ģ ߾ ׾.. û Ҵµ  ̰  .. ġ ߿  غ! ó ƺ,,  ϰ ־. .. ²  ߿ݾ....! .. Ұ԰Ŵ ׸  ư ̷  ηư  簡 ̷ Ŷ ϰ ׷ ̷ 簡 ׸ ̷   ġµ ̷  ² ߿°Ű... ٵ  ϸ ² ߿° ǰ̰ ׵ ϰ 絥  ߿ ŵε.. ϸ Ѱ..... ߼  Ÿ     ູ  ˾.. ׷ϱ ϷϷ ñϰ ϰ ڱ    ?  ģ н  ģ ߾ ׾.. û Ҵµ  ̰  .. ġ ߿  غ! ó ƺ,,  ϰ ־. .. ²  ߿ݾ....! .. Ұ"
951,ƹ Դµ󶳰ῡ ι޴ 1
952,   Ƽ Ҿϰ ? ʸ ׷ ƴϾ ΰ Ҿϰ  Ұž߿ϰ ص  ȥڰ ƴ϶   9ϸ  غ  9ϸ !!
953,λ...ϴ  ƴ϶ ° λ̿
954,ǵ . Ⱑ   ̴...
955, ư   пѸ Դڱ ε
956,      뷡..
957,    ͼϴ ߴµGTA5 ű... ¥  Ȱ س..
958,  ȸ 56      ã .. ø ־ΰų ˰  ʾҴµ.. .. ڲ   ..
959,ٵ    𿡼    ̴ ϸ ڽŰ ٰ  ö󰡼  (  θ̳ Ǹ Ѿ ϴºв ׷  ǰ )
960,Ϥг뷡 鼭 ۺ     ִ  Ǳ...
961,"׷,  ƺ ڸ   ִ  λ  ѹ ޷ھ."
962,ʹ  ް  ׳   !!   е  õ Ҿ    ̿ϰ ƿ   ó ׷ ̴ϱ׳  ˾Ҵ ϰ ׸ϼ   Ҿ^^
963,׳ ҿ ϴ и ī   ߰ ƹ   ø 鼭 ۶ ִ 
964,"ֺ ʹ Ʈ־ ޶  شٰؼ Ʈ ƺ ֽôµ ȵǴ°ſ ƹص ȵǼ ׳  ׷ ū  ƴ 3500̿µ  ӻؿ׸    ó  ް ׷̶    Ʈ  ް 뷡    ʾ,̷ ÷ֽô  ε  ؿ"
965,3ε ƹ͵   ä  Ǿ Ҿϱ⵵ ؿ ؾ  ̷鼭  å ϰ   ٵ... ϸ鼭  :-)
966,ʹ  mm
967,    뷡 ġϱ ̰ ...
968, ι°  ..
969,ó ̰ܳ Ǵµ õ  ļ 
970,"  ,  Ѱ Ҵ  ϵ"
971,̷  ô  ׿ л ġٴҶ Ҵ  ̵Ǿ θ ǰ  л϶ Ҵ ϰ ľ ٴϰ Ҷ Ҵ Ѵٰ  鼭 ູ ʾҴ  ٰ..
972,ƴ  и ˽Ҷ  뷡 ƴµ ̷  뷡 °
973,    ̴ϱ..
974,б öͼ ̰ ΰ ʹ  ϰ ϱϴµ 𸣰  ð Ѱܹ ͸    θ ؼ  ̷ϴ 𸣰ڴٴ  бͼ    ֺ ģ   ޵ ϰ ϴµ  ׷͵  θ  ϰִ θ ׾ Ѵٰ  ˸    ִ ͵ ƴϰ ΰ ΰ ƴ϶ ׵ Ҹ ϴ  ó ʹ ̿    â  ٵ ó 츮ó  ļ ߼  Ѱɱ?  ̿      ʹ غ̰  ̰Ŵ ݵ 鼭  θ Ѵٰ  ɰŶ 嵵  ̷   ӿ 10븸 ߺ? ϸ ư   ̷ 20밡 ǵ 30밡 ǵ ζ Ʋ   ۿ  ٸ Ʋ  ӿ Ϸ縦 ó Ƽ ư ͸   ڽſ Ź ̷Ӹ   Ҽ ? б? ?  츮   Ű  Ŀ â ƾ  ̿  ȸ    ƴұ?   ̱ ¾  ȸ ̴ 츮 θԿ ʹ ʹ ̾      ʾƿ   δ㽺 Ȥ  °     ϴµ      װ;  θ ̼  ٸ      ƺ     ƺ ǸŰ  ưŰŵ.  Ÿ鼭    õ翴ٸ  ູ ʾ ؿ  ûؼ ˼ؿ  θ ൵    ޴   ҰԿ  װ; ƺ ø鼭 ưԿ ״ϱ   ּ ؿ.
975,ù ȸ º⿡   ־ 츮  ڲ  Ӱ ŷ ư   Ұ    ȸ  ϱ ñ οϰ Ϻʹ   ̹⵵     ֱ⸦
976,  ׸ ʹ..
977,''⿡  ܻ 󸶳 ...''  ϴ  Ŭ. ''!'' ƴ '' ?''  ְ ʹ..
978,      ϰ ̴ ̰͸  3⸸ Ƽ ȴ Ҽִ ھ!
979, ٰ  ߴ     ׶  
980,"2010  ʵб 5гε ðб ׳ ֽ б  пԴµ ֵ鳢  ˰ ְ 麸  ȵȴٴ   ұε   ָ鼭  ɰ ׳ ǽ ְ Ѿ  3  ߿  ƴ   ߽ ư,    ⿣ ν   ٴ   ߳   ....̷  ǳ µ ׳    ģ ã ̷  ΰ ׳  ̴ ư"
981,  ʵ ׷ ʵ   ູ   Ʊ׳  ȥ   Գ  ģ ̵ װ   ʰ   ߸ ƴݾƱ׳  ʰ    ؿ츮 ѹ ڿ츮  ູ 츮  ູ ٶ ˰ :)  оֽ  鿡 ġ .
982,ü  Ű Ⱦ   ƺ ;
983,ù   ϴ 뷡  ƹ    ִµ  3   ʹ ѽ׿   µ   ƹ   µ ߰ھ
984," ˴  ó ް ó   ޳׿. ʹ   ƹ ,  ޾Ƽ ʹ ƿ.  µ  .. մϴ.ٵ   ϱ   ƹ ص  "
985, ູҼְִ ε׷ϱ ݸ ݸƼ 
986, ȭ   ̵  ٴ尡 ׿
987, ׳  ƹ ȥְͰ Ͱ ױ Ͱ   ڴ.....
988,б ϰ  ʹ ѹ  Կü   ϴ ̶ ģ赵  װڴµ Խð̶ Ѳ ġϱ ʹ  ħ б ģ谡 켱 ̿µ ٸ α ʹ ϱ
989,ܱ  лԴϴ. ˹  ؼ  ư пͼ ڷγ  ó־. ѱ ִ ģ    ϰ ִ   ϰ ֳ ð ϸ鼭  ִٴ  󱸿. ׷  ۵   Ƽ ̷ϰ    ΰ ǳ׿. ε غϰ ູ ھ.
990,",, и    ʹ  鼭 ̳ ߷ Դµ α ϳ,,      ..   ģ ><"
991,׳ Ӹļ 뷡  Դµ ڱ ι.. .. .. ..! 
992,ȣа  ϱ Ⱦ  ʹ  ϸ  ϸ  Ϸ翡 3 ٽ ö ¥ ؼ Դµ ʹ 
993, λ  ̴ϴٳü Ű澲 ߷  ̼ ϳۿ  ϴٴ ƯԴϴ
994,    ġ       Ѹ ٴ° ʹ    ٸ 鿡     ־ٰ ϴµ    ƹ    θ鼭   ȱ ; 츮  ӻ     ñ  ϰ־ װ  ;
995, ̷    ൿ ű ʴ  åϴٰ  ͹ȳ׿ ᱹ  ...   ٸ е鲲   ϼ ھ   ؿ
996,¼   ͵  ̷  .ȸ  .
997,뷡¯
998, ٸó ǰڴٰ    λ ְ ٸ    ٸ  ʿ䵵    ̲µ غ
999,¥  κ ȥ ִ°   ʳ
1000,  θ ȥϽð ƹ ٻڼż   ȵð бġ  ִֺ° ʹ ܷο  â̿. Ӱ  â̿. ٵ   غµ Ӱ    ϴ°Ŵ.   ϴ    . 浵   ִٰ  ¿̴.   ġ ؼ   ׻  Ͻð  ϸ ϱ⸦ ϳԲ ⵵帮ڽϴ. ſ Ϸ .
1001,    ϴ°Ϳ ʰ ڽ ѽ ұ ׻  ڽ      ൿ ұ    뷡         ʹ ֺ ٶ     ־    ٽ غ ׻ ñ ٶϴ   ּż մϴ ð Žñ  ٷ ?
1002,    ְ    ϰ ִµ   ǰ  ϰڴ.Ӿ 񱳵  ڲ ư.߿   ʰ.   ϳ  ְ.    ʹ ηư ڲٸ ϰ ȴ.õ   ٺ  ´. ٰ ̰ ϴ . ׳  ´.
1003, ģ谡 ʹ .׳ 3ϸ ̼  ־ٸ...׷ٸ   ູٵ
1004,   ƹ    ų׿
1005,   𸣰 ʴ ּ ߾  ߵ  ҵ   ʴ´
1006,"ູ ູϴٴϱ?ε   ̾ߺ ٴϱ? ϴ ô һ̾̾߳ ´ٰ   ̳İƴϿ   Ǽ ̿¹ Ծ  ־ϳ׿ ȭų ¥        Ծ       ׿   ȭ    ߸ ھ  ƴ ݵ  Ⱑ ׿ ƹ ϱ⵵ Ⱦ  Ⱦµ     ϰ Ǿ׿  Ǿſ ̶   ູߴٸ翡 ̶   ó ̹޾ ູ ʳ׿99% ̿ ѹ Ǽ  °ΰ   °  Ⱑ ƿ⸸ ϴ° Ⱑ  ƴ϶ڽ  巯°  Ⱑ ٴϱװ Ѿ̴ϱ׷ٰ ؼ ʰ ۾̶° Ƴİ   ؼ  ƿݾƱ׷ ݺʹ ƴϸ Ϻʹ ʹ³ ƴ ʸ ؼ   ھױ⿡ Ű ʹ Ұױ⿡  ģ,Ͼִ  ְױ⿡ ̷ ñϰ׷ٰ⿡ ηư⿡ ⿡    ְ ¼°ǰ ""ֿ? ̰ ճİ"" ""  ߴٰ ""ȭ ""̴̱ ""ǥ̸ ""  Ⱦ?""¼ ׷ƴ θ  ϶ ׷µڽ  ټ İģ ° ٱװ  °ϱ ηƴٿ......Ŭι ¤߾ ..?Ŭι ̾߱  ϻݾƱ׷..Ŭι ູε  ׷İ..?ູ ߿ϴϱ ູ ߿ϴϱ!!!!! ູ  ϱ ߾ Ǹູؼ ̿° ƴ  ""ູ""ϱ׷   غ  ؿ  ູ ¤ƹ?"
1007,14  ϴҼ־ڸλΰƴϿ״ϱູϰ׻ϷϷ̰ ưô!
1008, ε  ϳ    ¶ ׷ ǰ ̼ϳ׿...  ߴµ 嵵 ǰ  Ǵµ  ĥŭ ƴϰ ǰ  ؿ ...
1009,λ ɾ鼭 տ      ְ Ź ӿ Ž  𷡾     ִū ϸ   ʿ䰡    ϳϳ  ó    ִٳ ġֵ   ε鵵 ׷ ԰ ִ
1010,¥ ϰ ӻϰ ׷  ƴѵ  ׷    ǥؾ... ׳    ϴٰ ؾϳ.. νŸ  ٵ ģ鵵  ϴϱ  ʵ鵵 ԰ ִ ͵  ٴϰ ̷µ  ǳ ģ  ȸ ׶ؼ ̶ ǳ   ʵ鸸 ԰... ڹε νŸ  Ÿ   ̷   ģ ?.. Ӹ  
1011,ù ϰ
1012,     ϴµ  ȭɾ ī ׷µ 峭.. 츮ϰ ڶ̳ ڶ̳? 鼭 ڱ⵵ 𸣴° ׻ óִ° ο ڱⰡ   ׷͵  سİ ̳ ̾ ޾Ƶ  ڻϰ ¥ 20ڸ ϰ; ¥ λžƴݾ  Ŵϱ.. ׷   ϰ ڱ ׶ Ҵ ׶ صֶ ϸ鼭 ¥  ׻  ҿµ ʹ ݾ  ¥ 鼭 ϴġ ̺鼭 Ҵµ ġ ̸Ծ ġ ʵε  6гε  ڻ ׳ ȴ
1013,  Ӹ ò  ʹ ȴ.   Ӹӿ ̶ .
1014,   ɱ ̶ ص ȵǴ ׷   ϳ  ־ λ   ̰ܳ Ϸ Ϸ     ư ϴ ??
1015,ݱ ༭ .
1016," ٸ鼭 ̷뷡 鼭 ؼ ϴ³, ߰."
1017,ȿ ֹϰ ִµ  뷡  
1018,̶° Եǳ׿ .   ׷ͺ ġ׿. ѰԾµ .
1019,йα  3 !!Խù̼ üɴ
1020,ϰ  Ѱ 
1021,    ٷ ѰųİФ ̾.. µ ΰ ƾ ...
1022, ǿ  ƿԴٴ 
1023,ʹ ȸ   뷡 ƴµ ̰ ...̷  ٶ  ƴ 뷡 ׿..
1024, ִٰ   ڵƺٴڸ ٶ󺸴  ߴ Ƹٿ ǳ    װ ʾ
1025,   ƴϾ... ̶ δ㰨  Ŀ θ ص ص    ׻  ð ѱ̤   ϻ ݺ̶ Ÿ ׿  Ӹ ƴ϶  е 
1026,    õ  Ҿ
1027,"ƹ ص     , ҾԿ    ."
1028,  ֱ ?øŭ̶ ô ƹ ϰ. ׷ ϰڽϴ
1029,¥ ʹ ܷӰ ʹ  ģ °Ͱ Ҽִ°͵  ׳  Ǵ°ǰ   ¾ ¥
1030,   ȸ ϰ ּ ̷  ϴ ߿
1031," 4õ Ѵ  ߿   ̴ٸ װ͸ε ູ ̿ ֳĸ    ΰ ູϱ ٶŵ : )   ƴ  ڽſ ־ ؿ䳻 ϴ° ԰  ԰  ԰  ϰ  ϰ. װ Ⱦϵ ϵ, ︰ٰ ϴ  ︰ٰ ϴ, ζ ϴ ٰ ϴ.׳  ϴ  缼"
1032,õ ߾ϵ ڴֵ ޵ص 
1033,  ߴµ ⸻ ļ ӻϳ׿..  ߴٰ Ӹ  ֹ̳ Ӹ ö   ãٰ  ãҳ׿䡦!  źе   ..
1034, ģ ģ ߾.. ʹ 󱸿ٵ ص  ģԴ ƹ͵ ƴѰ ƿ  ׿ Ű澲̰...Ű Ⱦ ;    Ф
1035," Ҵ 10밡 ̷Ӱ ſ.      ϴ  ִ 20밡 ߰ſ. ȸ  ٰ,ȸ  ߴٰ,ȸ  ߴٰ,׷  ߴ.ź ڸ ׻ ּ  ߴ. ׷ ƿԴ λ ó ߵǰ  Ǿ ƹ͵    縦  Ѵ.. ִ   Ѿ  ͵,ϴ    ϴ åӰ,  ƴ   , ð ƴ  ̵ ð,  ﴩ  .        °͵ ģ. 30  .. ƴ  30밡  ° ϰ..̵ ƺ, Ƴ  ӴϿ ƹ Ƶ. ҵ ϴ ,  ҵ    . ư , Ƽ  ִ ð,ٸ  ޲ ,.."
1036, ϴ     5õ  θ ް  ȴ Դϴ. 츮  Դϴڱ⵵ ٵ  ִ ۿ ƿ並  ݽô. ų ų ܷοﶧٿ츮 ι°  ̰   鿡   θ ô.   ϸ ֱ ٷ!
1037, ȭӿ Ǵ ϱ⿡ ΰ   ־.   λ  ڴ 뵵 ڽ  Ǵ  λ  λ̴.
1038,...ϳ  .. ٵ Ѱų...ۺ  ÷ϼ.
1039,    ̾.ΰ ڱ λ ư ־.ʵ   ̰. ʰ ׸ λ ˵  .  ߰ ʰ  ܴ ϴ ð̾. ̾߱ ٰ. ȥ Ȱ . ʰ    װ ׶ ʰ   ִ  ּ ̾ ž. ʸ ſ .  ݵ   ̾.  
1040,ٽ ¾ ʹ٤
1041, Ϸ絵 ༭     Ұ
1042,  ֽϴ
1043," 2ۿ  ƴµ ʹ ΰ ư ٵ  ̶  ϴµ б ϴµ ڷγ    ġ~ ϸ鼭 θ    ʹ  ӳ׿ ֺ ģ θ ϴµ   ʰ      ʹ ׿??^?? 3 е, κе ле  ð "
1044,ѹ ִ λ   ڰ ?
1045,"̼󿡼  ϰ    ϰŹŹ а ٽ Ͼֶ ""   ʴٰ""Ϸ絵 ߰ ϵ ູض"
1046,"׳  Ȱ ׹ϴ»鵵  ̷ ¥ ׶ ׷ʾ ̻Ȳ ̸Ż   ,׷ٸ 翡  ڴ ¥ Ͼϵ̰ װ ̷  ̶ ׳ , ƴϴ 1Ķ ̶ ٸ  翡 ϸ ž  ϴ° Ʋ̾ƴ ó޴° ߸ϱ ᱹ  ܴʱ⶧ ׷ž,  ϷϷ Թݼϰ ȸϰ,װɹݺϴٺ ʴ ̹̼Ű ޴ ̵ְ  ̽ð  óŰ  ƹ ̰, ű⿡ ȸ¾ϰ   ̱   Ẕ̇, ٵ ݾ ׷ Ẕ̇ ̷͵ ٺ ٴ°,װ Ҽִ Ѱ  װ͵鿡 ϸ ưž صǰ ٻ ׳ 翡 ϰ;"
1047,  ǳ åϰ  ߴ  Ǽߴ   ٸ  ü ġ Ű澲 ġص  ʰ ȵǴ Ϳ ¥  ٸ Ű  װ ȸϰ åϰ ٽ ݺϴ° ģ. ʹ ѽϰ ʿ  ƴϝٸ θ  ߴ ϴ° ־  Ҵ.. ູ߰?
1048, ǥ   ŭ  ߰ 󸶳 ϰ ɾԳ 󸶳 ڱƸ ɸ´ ൿ  󸶳  ⵵ ó ϰ ƿ鼭  ô ϴ  ƴϳ ¥   Ŀ Ϸ   ƴϳ     µ   ִµ  ¥⸸   ̶ غ ׷  ¥⸸ ϸ ڵ  ȴ Ͼ ϰ  ٽ 
1049,I just fall into comfortable cloud like icecream when listening the music. How could he make it smoothly :)
1050,ٵ ̷  Ͱƿ λ ϳ ̰ ̰ӿ ΰ̴ϱ  ص  ູ ǿϰ̴ ̷  ϸ鼭 ϷϷ Ƽ׿  ٵ ñ
1051,ȣ  ٰ ۼ ٰ... ƹ ͵  ʾƼ.. 뷡 Ծ..       ϰڽϴ١
1052,׶ ൿ  ʾҴ ׶ ׷  ʾҴ׶ ׷  ߴ  ٵ̷  ٵ  ׷Ű ȸǰ ׸ ʹ Ȱ̷ ηƴ
1053,ϰ  ƿ´ٸ ٷ  ູϰ ;
1054, ; ° ƴմϴ.  ۿ ⿡  ̴ϴ.
1055,¶ ϴٰ     ʹٴ  ϴ  뷡   ȭԴϴ....................̳Ǿ-
1056,  ü 
1057,"  û ε ׻ ׷ Ϻ ʾƵ ߰ ž   ƴ ߰, ׸ ׻ ְ  ־    ʴ» ʵ  ׻  ſ ȭ ھ  ̼ ϳ 60 α߿ ϳ  ̾  ܲҶ ִ°Ÿ԰ ʴ ̼ Ѹ̶ϰ   -"
1058, ׳  ƴ¥  翡 ģ    ³׵   ұ    ³ о λ ص ɱ  鼭 ۿ ູѵ   ȥ    ʹ ϰ  Ѱ  ٸ   ³״   ϱ ϴµ   ģ ֵ   .. ׳  ϰڴ ¥  
1059, ߸Ѱ ˸鼭 ƹ͵ ϴ° ʹ ¥ ӻϴ?
1060, 翡 ִ 麸 󱼵 𸣴 ۵鿡 ι޾ƿ
1061, Ưؿ   ȹ ϷϷ ǿ   ѹ 
1062, λ ٲ ۱Ϳ' ̾ƴ ο ̴'° η! ̾ƴ ο Դϴ
1063,¦ ƹ  ɰ  ص  ϳ °..  ī  ģ    ϳ ȿͿ
1064, ¥ ̷..     ФФФФ
1065, ļ ִº ٰ ˲ ٵ  ׸  ݾƿ?    ƿ  ŵ ԵǾ ־ ó ڶ     ڽ̶° ϼ  Ӵٸ  ߼ λ  ƴϿ ȸ ȸ Ҽִ°ſ  ġ ׳   °ſ λ ڱⰡ åϴϱ.
1066,Ȯ ȿ ִ°Ͱ⵵ ϳ׿...
1067,  װ ٷ 
1068,3Ⱓ  .. ; ȸ! ڰ .. 鸮.
1069, ¾   ٱ׷      Ȥ   ¾  ּ ּ   ұϰ ̳   ʾҾ    ư
1070,Ѱ  ڸ   ̾ Եгʹ  Ѱ ƴϳİФ θ ȭ ۱ !!
1071, Ϸ ġ   ߴ͵   ʾƻ Ϸ Ծ.
1072,ٽ  ȳ ˾Ҵµ  Դ.1ֱ ñⰡ ãƿ°ǰ ׻ ̸   .ģ ϱ.. ʹ  ϴ.2021/6/5
1073, ¾ ̿ ѹ °ǵ  ϰ غ° ? ϸ հ ãư    Ҽ  Ȳ ܺ   ġ ̶   ϵ  ü Ű澲ʰ  ϰ ϴϸ ϸſ Ϳ ϰ غƿ   ڰ Ͼ  ִٴ°Ϳ ϰ  غ ̷ ڵ ϰ ִ   հ 𸶵 µ  ǰϰ   ϰ غ ׷  ູҰſ䤾   ̰ܳ Ǽ  ױ ϰھ?  ؿԵ ׷ Ͻø  ̰ܳǼ־ ؿϱ  Ͼ  ̷ǰſ    оּż մϴ
1074,˽    뷡 ˻ϴϱ ׿ ⸦  躯߽ϴ
1075,ܱ ִµ  ȥִ° ܷӰ Ⱦµ  ȥִ° ͼؼ ܷο ھ....
1076, ϰ  ٶ ȵ..... ϰ ̷  ð ٽ ؾϴ ð ϴ   ٰ´.
1077,׳ ູϰ  ̿̾ Ͼ  Ͼ
1078,"""  츮ɾ ̴ϱ"" ٰ   ɾ±̴ϱ"""
1079,  ϳ׿... ׳ ״  뷡 ƴѰ    ..
1080,    簡鼭  ־پ     
1081,  
1082,  ƴ  Ű?? ʹ Ƹٿ..
1083,"   ׷   ؿ.     Ҵٸ, θԲ   ƾ Ѵٰ п     п ׸ξٸ, ̿     ߴٸ      ư    ϰ.   ΰ   1  9ñ ϰ  ƿԾµ ٽ ưٸ ݺ ׷ ʾƵ Ǵ  Ƶ ȴٰ ְ ͳ׿"
1084,׻    ߴµ   °ž Ű ϱ ѹ  µ  ׻  ž    Ŵ°ž? ȭ Ŵ°ž? ٵ ̻  ϸ  
1085,ư  ߵɰž. Ͼ .
1086, ﶧ  뷡 ġϱ ̰ ׿ п 5 ҽϴ մϴ
1087,̷   ְ   ʿϰ Ͼ  Ͽ       ⿣ 츮  Ʊ ܿ 츮???ᱹ λ Ե 󱸿...! 
1088,"¥ ʹ ¥̳ ڳ  Ͱ, ް . ... ̰ŵ鼭 ϰ  Ŀ  ̶  ڴ"
1089,144ϵ ô Ե ^^
1090,׳  ģģ 忡 ٰ ߴµ ׳ ΰŰ ׷ ׳ ŰȾ λ ѹε  Ű澲⿣ ʹ ƱŰ ģ о̰  ׳  ġ ָ ; ƹ  𸣴 α׳ Ե Ҽ  þ 
1091," Ǯ鼭 ̰  δ µ й    ȥ ȥ㸻 ""ҽѰ͵.. ϵ鵵 ġŲ̳  ΰ ¾  ű ׷ ִ""    λ  츸"
1092,    ̰ ʹ Ϳ ູ Ϸ縦 ɰž
1093," ױ⸦ ⵵ϸ  ó  ,   ̰ܳ   Ǿ༭ ʹ .  , 縦 ư ִ  ."
1094,Ӹ ϰ     ׳   ϴ°  
1095,    ؾ..?   ﶩ ʹ    ʹ  .. ׷ °   Ҿ..׳ ιް   ֶ  ¥  ;
1096,ģ̶   ȵƽϴ. ٷ  Ʈ   п  ̿   . ׸ 츮 ٽ ׶ ư ͳ.
1097,о ϰ ٰ  ׳  ׷ ̻غ!!ζ ϸ ϰ ƹʰ ѱſ!!!
1098, ϰִ  ʹ ﶩ     ;   Ǵ°  Ϸ ϰ  ° ƿ
1099,  Ű´  ϰ Ұ ϸ鼭  ׻   װ ȵǳ...  ģϰ   ̳ Ѽ ϴ ڽ ȴ....  ɼ       ɼ °ɱ.....
1100, ū ڸ ׷       ڿ ְ ڹ ᰡ ״ ߷  ô
1101, 15ε ģ б ȴٴµ    ̰ λ  Ͱ б վ ǳ ͳ׿(л) ģϰ ִ ü ̳׿ ߿ ̸԰ б  ̰ ȴٴ° ðͰ׿  Ŷϴ~!
1102,  ȸʳ Ȱ Ѵ  ϰ...   ó ϾƮ غôµ ׷   ʳ׿...޽ ʿϴ... ̶ ƹ    ʹ
1103," 3ε ¥ ʹ ϴ..Ȱ ϻε ׳   ..׳ ̶ ȭϸ ټ ʹ µ     ׸ŭ   ޱ... õ ϴ  ο ..׳,,    ʹ.  뷡 Ʋ ׳  µ     ¥ ׳  𸣰  ,, λ ʹ . λ ü Ф  εǰ ʹ.  ڶ ϴ° ʹ Ƽ . õ  Żڰ 濴µ      ģ.   ð  ̾ؤФ ʹ  ¥ 츮 ɳ.. հ    Ф!!  "
1104,׳ ¸  Ʈް  ¥  Ʈ ٰϴ°ǰ ͱ⵵ѵ.. ׷ٺ   ؼ ϼٵ    ̿ϰִ    ݺǸ ʹ ӻؿ  ٵ   ص ϴ°  ߸ ϴ°Ͱٴ  ⵵ϰ.. ׷     ʹ ӻѵ  ٸü  ʹ ѽؿ.  5гε ʹ Ʈ޴°žƴѰ ϴٰ 5г̳ ϱ ̷̵. ߿ ̰  濪ɰͰƼ  θ ޾ƿ
1105,"   üεб  ü ʹ Ű澲̰, ""  ʹ ׶ϴ ģϱȴ""̷鵵 ӴڰŸ ʹ ο.ֿ ü߰˻ϴµ װͶ ƹ͵   ϰھ. ׳ ļ б   ڳ׿.    εǿ."
1106,õ ϵ ε ȭ!
1107, ģ  Ȳ  ڽ ճ  λ ü ׷.ſ ȸ  ־.
1108,"  ׶  , ٽ ׶ ư .  ׳ . ٴ ʹ."
1109,絥        ƹ µ   ȥ    ȥ  
1110, 춧  뷡 Ʈµ ̰ ߳ 뷡 
1111,ݱ  ؿԴµ °   ְ  ִ ɱ
1112,Ⱑ ̳ ǵԴٰ ۺ ȹްϴ.
1113, ϴ   Ű ̺  ̷ 뷡   ...
1114,Ӹ    ġ  ּ ̴  ּ  ƴϿ ִپƸٿ  ߰   ߰  ʱ  ߽ϴ     ڿ׿
1115,"뷡 Ʋ  鼭           θ  ؾ  ˰,           ñⰡ  ߿  ,       װ ,    ʰ ִ  ڽ  ѽ              װ     Ѿ ð̰  ٸ ģ鵵 ̷, ƴ     ߿ ð 㹫ϰ  ִ°͸        𸣰ڰ Ŀ   𸣰ڰ     ǳ ǥ λ  ηƱ⵵ ϰ   ð       ġ ȸ    ηƽϴ              ̷ ϴ  ǰ  ʾƿ           Բ ൿ  õϴ  ǰ Ͱ  ü  Ű ʴ   ǰ Ͱ ̱ ȸ   𸣰  帧  Ÿ ִ°   ȱ⵵ ϰ         ǳ ܸ ٹ̴µ ɸ ִ        ̿׿   б µ ð  4 26̿  ٵ    ൿ ٲٰ ־       1 б  ڰ  Ű浵 Ⱦ ö ⵵     ϰ ̷   ʾҴµ           ̹  г  ϸ鼭 ð ڷ  ʰ ؼ  ϰ ְ   θ԰   ־ ؿ           ̷ ݾ ٲ       ݾ 𿩼 ū ȭ ðŶ ҰԿ ϰ ϴ"
1116,ƹ    ʰ    ϰ ʹ  ߿ 2   δ ص  ð     Ŀ ۳⿡ ; ھָ    ȥ ϴµ  ھִ  ü Ÿ ٴ  ٴ ʹ   ¥  ŭ    ׷     ٽ ޶ ֿϳ.. ģ̶ ִ  ǰ    ¥  µ 鼭  ̷ ߴ  óε     ູϰ µ  ʹ    ſ 츰  ǹ ʹ ȭ   ڽ ʹ ȴ ʰ   Ⱦ ڴµ  ؾ    ƿ  ص ϱ    ŹҰ 18ۿ    ν    ߾ ε  ž  ó θ ϰ  Ѿƴٴϸ鼭 ϱ     ߾..
1117, ̰ 1° ߡ..
1118,¥   ϰִ ؾϴ  𸣰ڴ
1119, ٶ ÷ ߵ ɲ 󿡼  Ƹٿ ̴ 츮  ÷ ްִ ̰͸ ߵ   Ǿ ڽ ƺ ׽ñⰡ  ߿ 𸣰  Ǵ°ͺ  ʰǴ²   ?
1120,ֹ̳° ù°     Ѵ ׷  Ϸ ̸
1121,  ¥...ʹ εǼ .. ̷    ׷  ƴ ͵ εǰ
1122, ̾Ͽ  âϸ
1123,"˽Ҷ  뷡 ġϱ  ˽θ鼭 ⿡  ̷ο,,,"
1124,"   µ .. ̰ ̷  ¼°ų ,,  ̷  ѽ ѵ    ..- - -"
1125," ڽ  ѽϰ ٺ..   α  巯 ,, - ׳ Ʋ ֳ׿׷   ؿ"
1126,е ظմϴ. о. 츰   ٺ߾.    ߳ؿ! Ƽ ߿    ־.  Ƽ   ߿  Ӱ ܷӰ ϰ̷͵ ڲ ӰҲ ׷  ôٱ׷ ڵ Ⱥ    ޸Ŀڸ ƺ  ξ  俩е!  ׻ ̷ ÷Ծ!̰   𸣰     ̳  Ű;!׷ ȭ!
1127,¥  ó Ʃ꿡  ޾ƺ׿ ?   ̷ ۰ǰ ¥ Ф  ٵ ð ϵ ȭ սô ! >~<
1128,"¼ 츮 ΰ ູؾ ΰžϰ Ƹٴ, ΰ ϴ ׷ λ. ׷ λ .ڽ ü Ǿ  ϰ ϴ,   ´ ϴ   Ƹٰ  .׳  , .  ڰ  ֱ- ϴ     Ƹٿ λ  ִٰ ž."
1129, λ  ìܾ   ž
1130, Դµ ۵ ¥ εǳ..
1131,     ¥ Ƽ 뷡  Ծ.. װʹ ¥......
1132," ũ ı, ȭ  ,  𸣰  ִ  ڽ ʹ  ̷  ϴ.    źе 󸶳 弼? ȭ  ؼ ų  ɸ  ٵ    ׿. 츮 ¥ ô.    Կ .. 츮   翡.  Դϴ.  ²  ߿  ϴٴ ϰ ;.   ϴ  ñ ! ٵ ô!!"
1133,  ܵ ¾ ּ...
1134, Ϸ翴  ..ϵ  Ϸϰž
1135," ǰϸ    ִ  . װ  , ؾ.  ڰ,  ڰ, ǰ  ԰,ϰ, ϰ ݼϸ ׷       ó ϰ     ̴.     !"
1136,ģ   ϰ   ߴµ  Ŵ      ǰ ٸ ֵ  ϴ     ϰ ñϴ  ʹ ȴ ¥ ѱ  ̹  ʹ
1137,ѿ ε 츮  ϴ   Żڸ      غڽϴ
1138, ູ  Ƴ..
1139," ¥  
ε  ͵ 鼭....  ʹϳ ¥... 2020  ͵       ڴ礻.... ȥ ڷ ϸ鼭 뷡 ϱ  ̼ϳ"
1140, ׻ ؾ߸ ſ.. ؾ߸....ٸ  ٵ  ٶ󺸰 ִµ..  س..츮 ... ູϰ  Ǵµ.. ȣ ϴµ   ̷ ֳĤ
1141,   ٴ    ϰ ¥ ⿡  ٰ մϴ ƿ   ɲ  ȵǴ  ִٸ  ϸ ȵǿ  ߾ ϱ    ϸ     ؾߵǴ        ־ ׷  鼭 ?
1142,氡   շ־ 25000 ҾȾ..׸ ٰ ˹ ϰ 赵 ߸ 85 ° 5ÿ Ͼ ߿ ٰ å𼭸 ڹ۰  5ġ ֹߴµ ּҸ  ѱھ Ʋ  ٸ ų ù翡 µ...¥ 鼭   ...75000 Ҿٴ...ǻ θԲ 10  װŵ ƾߵǴµ... 6̶䤿¥
1143,    ൿ ߾   մϴ ?  뼭ּ ! ؿ???
1144,ݾƿ װ ˾ƿ?  ϴٴ 
1145, ð ϰ ٰ ڷ    ׻ Ӹӿ ׻    ׷ ¥  ؾϴµ θ ¥  Ͻôµ °  Ӹ İ鼭    ȸϰ   ¥   ص  Ǹ   ¥ ׷  ʹ ѽϴ..Ʈ  Ƥаմϴ
1146,"""1ð дٺ 1, 1 дٺ ""- ɽϴ -"
1147,Ÿ ϴ ͵ Ÿ ʾ ϰ  ͵  Ǹ  ?
1148,  ̷ â...λ  ì   ﵵ ٵ ſ ±̾
1149,  ǳ ׾  .  ǳ  ұ.  .   .   ־...⸸ ִٸ.. ִ   ֱ ̾   ִ    ູ  ؾ ׷ϱ      
1150, ص  ε ϰ ǰ.. Ӹӿ    Ʈ ̴..  ̷   ̻
1151,"""θ ưǶ ض""....""ڽ  ض"""
1152,󿡼 ־װǴϱ?ٷ ڱڽ̿   ;ڱڽ  ּ
1153, ̿  Ҵµ      ȭ ƴ ݵ Ӹ ϴٳ  ִ 𸥴ٿ ƾ Ǵ Ҷ ٳ ̴ ʵ  ̷  ̷( ǳ ))
1154,ʸӿ  ս     ùٸ   մٸ ױ Ϻϴ Ϻϴ  ϰ  Ÿ  ģ ϳ   Ϻѱ ã ȰմȤó ϰ ڸ ƺ ǽ մ  Ϻѱ մ....   鱸 ~
1155, Ѱŷ    ӻϰ ̿ ׸ Ű澲 ̷ Ű澲 ϴ  ڽ ʹ ̿µ  ۵   ϴ
1156,"  ٸ Ӹ о ִ ģ غ.  о  ģ   ۿ伭 , ¥°  ص ſ. λ  ݾƿ. Ű澲 ׳ ¥¥  غŵ ƿ  ¥ ģ ִٸ  ٰ  ̰Ŷ ¥ٰ ٵ  ָ ׳ ϼ ģ  Ѹۿ ° ƴݾƿ? ƹ ٸ  ߿ ڽ  ߿ؿ.  ̷ 絥  󸶳 ؿ. ׳ ϰ ȵǸ ϰ ٸģ  ⵵ ϰ ׷鼭 ڱ Ӹ ּ ."
1157,¶  ϰ  Ϸ簡 ϲ ϰ ȣηη   Ƽ µ ƹ   鼭  ̴ ..
1158,  ¦̴
1159,  ʹ ϳ׿. ƹ       ö ڸ ȭ ų ¥  ־.    ϴµ   ٰ ͵ ڲ ġ   ־ ⻵ մϴ. 縦 ذ   Ƽ    ݺ Ǵ ϻ ļ  Ͱ ۿ.   ڲ Ĩϴ.       ϵ̿. ٵ ̰  о? ̶ Ếϴ.
1160,     鋚 ̻ ϸ ׳  ϳ ູϰ ַ ¾̶ 
1161,  ̷ǰ   ó̱⿡ ʹ 
1162,", Ϸ翡 13ð ؿ. б ִ ģ  ϴ  𸣰... ˷  .  ƺ  ġ ͺ ƹ  ʴ   ؿ. ̳׿.  ٰ   ִ       ̴ϱ. . . ...."
1163,ŭ  Ϻ 簡 ٰ???  ϰ    ϸ鼭 ε  η  ŭ ڰ ְ ž  ø´ ž   ־   ֺ ̰ ູϰ ƹ   Ŵ٤
1164,ٸ ֵ  ٸ б  ϸ鼭 ģ Բ ٴϰ ־.. ȥ ҽϰ ī 縦 鼭 ׵ ηϰ..
1165,23ε ǰ  Ϸ   𸣰ھ  ̰ ̱۵ Ѽξ׿ ־ ġ ʹ Ʈ̶ ġͰ ְ߰ ٶġ; ƿ Ҹ ȥسϰ ִ ȥ ĳʰϰ ȥڵ ſ åҰԸƿ. ġ ġ  Ⱥ
1166,"и ϰ;  ε  ϴ  , ִ      ϴ ̷ Ȳ, ̷ ϴ  ʹ . ο      ϰ ׷ ұϰ   ϴ  ѽϴ."
1167," ߸   ׳ ³׵ ̻Ѱž ׵   Ǵ    ߿  ϰ ٴϵ ϵ  ̰ ϵ   νϴ   ¼ڰ ¿ǵ ʰ  ϸ ׳   ϸ Ǵ  ƴϾ?  ʰ   ġ  ֶ     °Ŵϱ.. ִ  ⿡  λε  ̿ϰ ϰ Ÿ ش   ƸԴ   ־  ʿ , ׷    ġ  ߸  ƴϾ  ø´ ڴٴµ   ˵ ƴݾ ׳  ϰ   췡"
1168,"¥  â ٸ  ؼ ٤Ф ΰ     θ ְ ־... ׷ (?)    ڽϴ~ ε ð,  Ϸ絵  ̽ϴ~!!  Ϸ ̴ ñϳ׿      ʾҴٸ  ذ   ô! ׸ ϵ   츮  Ѱ Ѱ ưô"
1169, ູ ʳ  .. ص ̾ ϱ⸸ ...
1170,".. ڰ    豸ϴٰ վ ļ  ϰ   ϰ ڱ  ڽ̶ ߴµ...  ׶  ؾϳ ""Ϸ   ϸ λ ޶"""
1171,츮   ¾  °ž
1172, ȭ ݴµ ʹ ӽä
1173,   ̷   ٴ 
1174,?? ׳ 뷡  Դµ ڱ  ش
1175, 7ϰ ̳뷡ϱ ° ׿. ݱ ص ڻ µ
1176,򰡶 ǥ  Ż ڻ쳵ϴ.. ̳    ׿ մϴ
1177,   ް;  ±  ΰ ƴϾ ູ־ װ ˾? ູ   ʰ ϰ  ö ο ְų 𸣴  ݰ λϰų ׷ ̶  ž
1178,׳ ǳ ⸻ d-day ڰ پ鼭  ؾߵ ϴٰ а ģߴ ģ ̻ڰ  ÷ 纸   .׳  ո   ʹ.
1179,    鼭  ־
1180,    ФФФФФФФФ¥  ƹ͵ ϰ  Ŭ     ϰ  ϴ° ε ̰ 鼭  ϱ     ̷ ¤ФФФФ̤Ѥ̤аθ  ϴ°͵ ƴϰ ׷ٰ °͵ ƴϰ ¥   ִ ?    ٵ ϷϷ  Ե ǰ ϰ ֳ׿     ȸԾٰ ص ʹ  ϰ  ̷ ؼ ؾ ٵ ..׸ ŵ  ϱ åǻФФФФлٺ ̷  ִ°Ű?ٽ  ?
1181,"ƹ͵  ʾҴµ ƴ.׳ ߰  鼭  ηư Ⱦ. ϸ ʹ ߰, ູ  ʾҴ.  ׷ Ҵ."
1182,ƾ ޶˸ﶧ  뷡ƴµ   뷡       δ
1183, 浿 Ƽ  ġ  ʹ Ű曭 ֺü ʹ Ѱǰ ; üð  ʹ 󿴳Ͱ ڿ ߴٰ  ģģ  Ѱ    Ʈ ް ȸϸ   ˾Ҵµ ߴٰ  ٴ°Ÿ  ϰ ϰڴٰ س ʹ    ª ġ   ....
1184,̳뷡    ھ
1185,  ʱȭ Ǽ  ¥  Ʋְ ־D..
1186,  ̷ ? ׷ ¾ϱ ̷ ¾?  ն ¾?  ϱ... ƾ? ׳ ¾ϱ ׳ ¿    .. ̷ ߴµ ׳ ¾ ׳  ״° ̷ ϰ  ʴ..ٵ  ƾϴ    ãִ ǥ    ִ°͵.. ϴϱ׷   ʾƼ     ̴ٽ ƹ ϰ    ʰ  ϰ ȴٴ      ֳ..?  д´ٸ ƿ   ֳ?  ⸦ شٴ  ˸ ΰ   Ƽ
1187,̰ ־֤øӤӤӤӤ??
1188,"08 1гԴϴ ⼭ ϴ 𸣰ڴµ 迡 йڰ ֳ..1г  ° ˸鼭 ̷ ηɱ ""  ϰ"" "" ݿ õ̰ ü  õ̰"" ̷ ׿׳ ƹ  ּ..մϴ"
1189,ȿ ȿ....  
1190,濡  Ҷ ģ Ҹ  鸮 Ҷ  Ʋµ ۿ  Ծ  ϰ ֳİ 
1191,  ¼ ׾ 𸣰ڴ.  ߴ  ̷   .  ߴɱ ʹ  ϴ.    Ͱ
1192,λ   ִ½ð  7ۿ ȵ....   ΰΰ¼¼...
1193,ؼ Դٰ 溸 GTA5Ϸ ϴ մϴ
1194, 12ε   ...
1195, ¥ ִ  ϸ ȵǴ°ǵ ¥ ¥ ƴ  ¥  ؼ  ڶ ƾ ٵ   ٰܴϰ ϱ   ְ ٵ ܿ 6 µ    غص ¥ ȵǳ ƴ  ٰܴ ϱ~~ ׷ ٵ  ׳ ׷ٰ ¥!!!¥!!!!!¥̤    ñѰǾ  ɵ  µ   ϴ°  ʾ  ҷص  װ ʶ߸ݾ ¥¥¥  ߸Ѱ??ƴݾ   ׷ ¥   󸶰  ʹٴ°   ¥   ϴ ϳ ?    ϴ°ϰ? ̷  갡 󸶳 Ƽ   Ѵٸ鼭 赵 Ѵٸ鼭 ϰٴٸ鼭 㹫  ϴµ  ¥ ħ Ͼ?  µ  ¥ ¥ ῡ  ȿñ ¥ ê͵¥ 츮¥̸̳԰  ϴ°͵ ¥ ¥ٰ ¥¥ ǤǤǤ Ÿ  ٽ ̶ ¥ ȭϱ Ⱦ  ϱ Ⱦ !! ּ    ?   ¼ܰ ¥  ¥¥¥   ϰŶ   ִ°͵ ƴϾ Ȱ 17ð ̾ ׷ ? ϳ ϱ  ħ о  12ÿ  Ͼ    ݰִ°  ް ƴ ģ ڳİ  ޵.  ǳ ϳϳ ǰ ؼ°ž ¥ ¥ ¥ ǰ ϴµ  ߸Ѱ  ʹ ̾ؼ װ   ɸ鼭 ּ ŷڴ ҷ Ǥ¥ ʶ̰    ؼ ߵ Ȱ͵ ʶ̰   ¦ ؼ ʶ  ϰ õ ᱹ ʰ   Ǿؼ ݾ ƴѰ    ʶ ˾ݾ  ׷ ¥ ¥ ÿ ʶ̶ ϰʹ 
1196, 䡦.  °Űٰ ٽ ׿.  ʹ  ȴ ̾  ֿ   ູ ֿ ڳ׿ ε ູϼ   ٰ ູҰԿ!
1197, ؾ  𸣰ڴ  ü ϴ    Ƽ ȥ...
1198, ̴ ̰ Ǵ  ʹ  
1199,   ̰  е ְ Ͻôº   ƿ  ε ¥ð ȭǿ  Ͻð  ۶󽺳  Ѱ Ӱſ뤾
1200," ѵ      ã ޴  ʹ Ӵ.  𸣰 ظ ,ູϰ ٳµ   Ÿ ȸϰְ ̵ ȸų ¸ ϰ ɾִ ߿Ѱ  λϱ ?"
1201, ణ ̻Ѱ ..  ̳       ε  ̷ ...?ƴ ¥.. ׳ ʹ Ŀ  Ȱ...  ϰ  غ   ΰ͵ µ.. ǰ ׳... ..¾Ƹ¾  ǰ ? Ŵ ޾Ҿ  ó ģ̶ ϱ̾µ ٵ  ְ ٵ   ǥ̰(ũ  Ⱥ) ׷µ ǰ..    ģ  ູغ̰... ⼭  ϳ   ߸ ưڱ..׸ ϰ  ȸǰ ٰ ؾϳ?   ֿ   ׳  ִ   ϳ Ұѵ ̷ ؼ ϰ ׳   °ſ Ұѵ  ڱ鳢 Ƶٵ  ׾ س ڴٰ ׿߿  Ű浵 Ⱦ 鳢 ο ϴ° ܰε  ǰ ϰڴ.. ϴ  ϰ ׳...  λ   Ǿٰ ؾϳ?ٵ  ¥ ̷      ܸ?   ѽϳ
1202,𼱰   ׶ִ±۰ հ ׶鼭  ó׿
1203,"   ϳ ־ о ڷ Կ..   ε, ָ  б  г ģ ڷγ Ȯ  ޾Ƽ   ̷.  ̰ ׷ ϰ ,            ް̶ ̿...̤  ζ     ߾µ, ġ   ϳ   ҵƳ׿..   ڷγ ˻ ϰ ͼ ڰݸϰ..    Ϸ翴̷  ־ ŭ  ϵ   ..?  ׷  3̰, 2  ̶  , ¥ ģ  ģ ε..     ڳ׿."
1204, ¥  Ҵµ... Ÿ ϸ ͸   ູѰ͸ Ұž
1205,   ...¥  ڱⰡ  ״ ޱ
1206,  gta5  ǿ ϴ ̰
1207,  ̷  ɱϰ  ̷ ɱ   ɱ.
1208,ũ ù  Ÿ
1209,׳ ȸ 
1210,ʹ ׸ΰ Ͱ ʹ ϰ  ׷ ⵵   ʹ ѽس뷡 ٽ  ϴ
1211,"ݱ ݽſϸ鼭 ִ   Ŀ, ׷ٸ 츮  ü  ɿϰ ϰ ִµ ι ȣ"
1212,"̷   ڰݵ .Ѵ,  .."
1213,˼ ؼ ã ٴѰǵ  ϰ  
1214,ģ ϱ⿡ ģ ؼ  µ  ģ  ֳ׿   ̻ ׾ ģ ƴѰ
1215,ǳ   ƴϸ  ¥ ģ  ƺ  ⸸ ϰ  ƺ   Ӱ Ű  п űµ ʵл п 6~7ð ִ°  ǳİ...¥ ο ġ   ģ ׸ ϶ ߴµ ̶鼭 ¥ ¥   ձ Դٰ ƿԴٴ     ʹٴ Ű? ٵ ¥   п Ϸ  ʹ  5kg ʹ ָ п 5ð ִ λ   ж  5ÿ   1  ϰ   λ    Ʈ 鼭     λ 㰰 װ
1216,Ӹ  Դµ ۺ  ̽ϴ
1217,ſϱ ٻڴ    Ѵ  ߴű   ʾҴű  ſ Ǹ Ϸ
1218," ҿ̾. ƹ  ϵ  ʰ,񱳴 ʴ ϰ  . Ʊڱϰ ҹϰ ϸ  ھ.̶  ̴ ſ     ֵ."
1219,¥ ̶     Ҿѵ  ϸ       ֶ  ۿ    踦  ʹ  θ ǰ   ߸ Ǹ ұ ΰ  Ǿ ɱ ʹ Ҿϳ
1220,  ʹ ȸȴ.     ߴ ð ʹ Ʊ.  ο ϴ   ູߴ  ͷ   ԰  Ÿ.. ...  ݵ ִ     3 Ű .  ̴  ؼ
1221,"ó ΰ迡 ó    ....    ص   ? ׷  ƿ ƹ  ƿ     ðŴϱ (   ְ  , Ȥó ߿    ̱ۺ ⸦)"
1222,"  ָ ִٰ   츮  ϴ°   ֽϴ.     ô ͵ ̰, ȭǿ  °͵ ̰,  ̻ȸ ũ  Ģ Ű ͵  Դϴ. ׷  ָ ִٰ  ô  ׻  ̿ ?ǻ f"
1223,  ϱ⸦  ϴϱ   ϱ{缭 110ȣ }
1224,Ʈ ް־  ü̶ 嵵 µ ¸ µ..ؾұ? ؼ   Ƚ 谡 ֽϰ .. Ʈް....         (14 ߵ)
1225,"  絥 ,    ϸ   峭ΰŰ ΰŰƼ .. 絥 ٰ ϰڳ"
1226,̸   츮 ɾ Դϴ   츮 ɾ Դϴ
1227,  Դٰ ۵   
1228,츮 ٰ  λ  ¼ŭ ϱ  ̷    ̰ܳ־츮 ؿ  츮 ʿؿ  
1229,ٵ 
1230,  ׷ ؿ. е ϴ 𸣰.  簡ġ?   ? 鶧  ̼ ʿ   ׷  𸣰ڴµ..ٵ  ٲٸ   ? 簡ġ ʿ ?̼  ϴ° ƴѳ ϱ⿡ ̼ ϱ⿡ ִ° ƴұ  ؿ..
1231, ˰ ;µ .. ʹ 
1232,   Ȱ Ű ׸ٴµ   絵 Ȱ ŵ ?    ʰ       
1233,"λ    ʴ´,ٸ   Ǳ ϴ ."
1234,ٸֵ  ϴµ Ŭ 鼭 ۶ п ۶  ƹ͵ ϴ  ڽ ʹ ѽϴ   ϸ   ñ ٵ ε ϰ ⵵ ϰ ׳ ƹ͵ ϴϱ ..
1235,ƾ. ù ޾Ƽ . ƺ ڶٴ    ڶϰ.   Ī  .  ؼ ޾ƿ ǵ   ڶ.  ϴ  . ?   λ  ƺ   ޾Ҵµ.    ?  ƺ      ޴  ݾ. ¥   ʹ .
1236,"ù°, ι° 뷡 Ÿ  帣? ߾˴Ե ˷ּ~~"
1237,3̽źе鵵 غ ŵ  б     赵 ĥ ȳҴµ ̷ ڵ  ϴ б ϴµ  ȵǰ ˸鼭 ε ϰ  ϶ ڱ ڳ
1238," ,  λ ġ¹̾ ̶ , ó ģŴ 츰 ׳ ึ̷̿ Ƶ λ  ึ̶̿ ˾Ƶ"
1239,     ູϱ Կ?
1240,"θ ص װ  ſ ƴϾ   ϰ ־ ƴ ϰ ־    ̷ٰ ູѰ ƴݾ ѹ ູ ź Ȯ  ° ٰ  Ѱſ  Ѱŵ Īغ ׵ ߴ θ Ѱ װͺ Ѱ   Ϸ Ѱ(?) ȸǱ ,    ڽ    ׷  ʹ ҽݾ"
1241,  Ҵµ δ    ְ Ӹ   Ƽ Ծ    ǰ ĥ  ƿ  ð    ʹ ȭ µ ¼.  ׷̾  ģ   ð  ðε   ְ   ð  ð    ƴٰ ¥ ´   ƿ ¥   ұ ʹ شΰ 
1242,¥     ģ ƴ ʰ ¥ ģ 𸣰ڴ  ڱ  ٰ ϴ  ʰ ݾ ʿ Ͼ ϵ ٵ  ͼ ڱ  ޶ ݾ       ʰ ׷  ٵ    ޶ ׷ ʰ ׷ݾ ׷ 츮  ģ  ִٰ ٵ   𸣰ھ..ʸ  ؾ 𸣰ھ....׸ ٽ  ʰ ϴ   Ⱥٲ   а þ߰ڴ..ʰ ٽ  ƿ ׶ ٽ ..
1243,  3 е ó׿. ?  ׿.. ϷϷ ׷ ζ   ٺ   ò   ȭ~^^
1244, ʹ ۰ŷ ٵ  
1245,˹ ó ߴµ ʹʹʹ  Ż ƿʴ´١ ڲ Ǽ κ  ׳ ʹ 
1246, αְ  ູϴ ̷  󿡿 Ű ġŲ 鼭 ȭ     Ƹٿϴ..
1247,ٸֵ  пٴϰ ׷ ູϰ µ  пٴϰ ; ٴϴ  ҽϰ  米̵ ؼ ѵ ʹ.. Ǵ а 23й 
1248,¥ ʹ Ⱦ ø ƴ  ŵ  ̰ ò  ø  ̾  ִ ̶   μ  ̶  濡  ᱸ ˱ ־ Ѵٴ  ʹ Ⱦ ¥ ʹʹʹ Ⱦ  ۿ  Ҹ鼭 뷡 θµ  Ⱦ  ִ ÷ 鸮  뷧Ҹ Ⱦ  ִ ̾ƺ ٴ ͵ Ⱦ    ̶ ͵ Ⱦ  Ⱦ
1249,    ð ݾ ϵ ϰ ϰ 
1250,Ƹٿ  ִ  ѻ ̻۸ ߱⶧    ൿ  ޾ ̻  źҼ ־ϴ ̻  ޾   մϴ:)  λ   𸣴  ̴ϱ    ູϳ  ū    ϴ  ɿ    ̿  ì°͵    츮  ڽ  ìܿ!   ִ  ູϰ ּ !! 
1251,1.Ҷ ˼ ˻Ѵ.2. 뷡 Ѵ.3.â  ۱Ѵ.4.  ߰Ѵ.5. Ȳ ʹ ȰƼ Ѵ.
1252,ڲ ׻ ¥ ۼԴµ 뷡 п ʹ Ήڲ  ȭµ ϱ   ٽøٽ ذϷ鶧 ٽ ð.
1253,"   Ŀ     ˾Ұ ǰ ;. ٵ 1  Ǵϱ ̴ ð  ڴٴ  . ⼭   ʰ   ܸ  ,  ġ   ư ڴٰ .   ƺ Ҿƹ ҸӴϰ  ̰   л Ȥ ˹ٻ Ŀ γ ܸ  ǵ ׷Ⱑ ʹ  . ̸   å  ͵ ݾ ݾ, ׸ Ѳ  ٵ  װ  å ޾Ƶ ڽ . θ ؼ   ͵,    ũ ʹƼ ʹ . ٵ  ׷  ƴϴϱ Ƽ ƾ Ѵٰ ؼ    ׻ 㿡 ȥڵǸ ׷        ˾Ҵµ   ôϴϱ   ɷ  ڽ  ̾  Żؼ ׷    ڱ .   ʹ ѵ   ູϰ? ƴ  ̷ ϴ -ʰ  ̷ ϱ ٸ ֵ麸 ̷  Ŵ. ̵,-  ̷      Ѵٰ ؼ  ڱ ູ   . ûҳ⸦ ϰ µ   ڸ п ڸ ູ  ?   ϸ ̷ ູϴ ϰ ׷鼭 츮   о   ִ  ϴ п ٴ´ٰ ؼ ϴ  ġ Ǵ  ƴ ó  ûҳ IMF   Ȱ ٶ   Ҿ ο ̶ ̸ ٲ ð  ƴұ   .  츮 ڽ  β ʰ ϰ  ڽ ϴ  ص   ԰   ִ  Ǿ . ׸ŭ 츮   츮 ļյ   .      ں     ִ  Ϸ ̷ ñ ؾ ϴ   ȿ ϰ ׷    鼭 ڽ  ְ װ ̷  ִٴ      ε     ϸ鼭   ̷   .    ʾƵ   ʾƵ  ԰    ִ ũó    ν    ."
1254," ʰ   ڴ٤ ..     ̾,  ɰž õ ߰  ú  ູ Ϸ簡 Ǳٷ 뷡 鼭 ⿡  ޾ִ  鼭 ̷  䤾,Ժ ö  Ҹ ̻Ҽ ִµ 27  30  ;䤾 ׳  ε  ̷ ܼϰ  ȵɰ Ƽ..27  13 Ҵµ  ؼ ̷ﺼ䤾"
1255,     ¾....
1256,  Ȱ ִ   ó 02 Ȥ  03 ̳׿.  츮 ݸ  . ̶   ݾ.   . 츰    ־.  غ.
1257," 3ε ׷   б ׿,, ̷    ܼ ¶ΰ  ɱ  ׷  бٴ  ϳ   Ʈ.   о  ̵ ɽð ̰ Ʋ  å̶ ߰ھ"
1258," Ÿ Ҷ ׹.""  ٴٿ ־? """" 翬 ʰ   ̷°ó ٴٵ ־ ! ""   ༭"
1259, ִٴ .  ִٴ . ູ   ִٴ .׷ ε   ִٴ .
1260,е     ƿ ѹ..Ф̰θ ؿϴµ..쵵 ϰ Ұ ׿... е ƿ ѹ ֽø  뷡    ҰԿ!! ۵ 鼭   ޾ҾФ ѹ ּ!!մϴ٤Ф?
1261,ص װʹܻ޾ ٵ ۺϱ ̳׿ ̳뷡 ô!! Ҽְ ʵ Ҽִ°  ߾ڳ^__^츰Ҽ־?
1262, λ  ູѰ ٸ־    ູ ¹ ູϸ ڴ
1263,   ϴµ   ϰ  ϸ鼭 ּλ ڱ ڽ  °ſ
1264,׳    ϵ    ̿ ϴ  ̷  ¥ е  ʹ  ° Ƽ ׵   ʹ   ͱ⵵ ϰ 
1265,  ̴ٸ е ູ ġ ִ Դϴ ֳı ?   ã´ٴ  ſ ϱ ƿ䵵 ϱ װ ã  ΰſ Ĺ ۿ ȯϰ   ϱ..+ 1000 ؿ ?? ٵ  !
1266, б 2г Ǵ  лԴϴ. 1г  ģ  ٺ 򰡰  𸣰 ⸸ ϴٰ ܿ  Ȱǥ °  ̶ ޾Ҵ ͵   ־̾ϴ. б ʹ Ҵ  ȸǾ θ Ϸ ߾. å  ȵǼ ٲϴ. θԵ  1г Ȱǥ   ̾. ׷ 1г   յ ߾ ׳ ִ     ΰ迡 ϴ  ˰ ż   ϰ ̾.  θ Ϸ ϳ ʹ  ȵǰ غ   ۿ ȵ  θ   ְԲ ο  ǥ غڰ ؼ  ǥ ã ߿ ǥ   α ϰ Ǿ. ׷   ǥ ϱ   Ͽ θ غ  ´ ι ã ־. ظ ι  غҰ  ι ־  ȵǾ .  ũ ͼ ¶  ϳ   ԰ ȸ ʰ ܿ Ἦ   ƴϾ. װ  θԲ  .  ƴ  ֱ׷ 1 ̻    ʴ.  ϼ̾.   δ㵵  ޾ҽϴ. ʵл    ù鿡 ܿ򰡴 翬  ¾Ҿϴ. ׷ б  Ұ Ƽ Ƚ̴. ̴ ȥڼ ݾ. ̷  鼭 δ㰨 Ŀ Ե װ ̰ܳ ϰ ᱹ  ԰ ѵ ʹ . ׷ ܿ   ٽ Ͼ   п ׸ΰ  ´   ãƺ. θ հ ϴ  ã ̷ϵ .   θԱ ȴµ п   ȥڼ ҰŴ.  ȵȴ.  ϰ  ȵ  ô. ʹ ӻ߾.  ˴ θ ´ Ͱ °      ãƿñ  ƹ  ħ뿡 ִٰ  뷡 鼭 ̷ ѹ ׿. λ ȰŶ ˰ ־  ϰ   ϴ°   ׿.  ι鼭 ϴ. ؿ.
1267,       ϵ  ǰ ׸͵     ְԵɱ.
1268,  ؾ ʹ ̿ϰ  Ҿ ̾ϰ ϰ;   ϰ Ʋٲ ݱ ༭ ʹ 
1269,  ü Ű澲־ 𸣰ڴ.. ׷ ҽѰǰ׳ Ȯ ƹ ģ̸ ڴϱ⿡ ȭ ΰͰ
1270,̰ 鼭  ƹ  Դٰ  5° ԰ִ  ߰Ͽϴ
1271,ĭ̶ ִ ƺ   ϰ ּ  ġ ö  ֽð ƺ ׸԰ ּ ƺ  ߵǱ ٶ󱸿  ŭ ְ ּ +  ҳ.   ȱ. ƺ ° ̾ƿ. ޽ ٰ Կ̿.+  ҳ Ӱ  ƺ ư̾.2020 91 32п. ƺ  ߾ɤ ʹ    µ ֳ  ٸ ƾϴ 𸣰ڴ  ׳  ;ǵ  ¥ ڷ µ ƺ״¼̶  λ ϰ ؔf ƺ  µ λ  ϰʹ Ϸ  𸣰ٴ ƺʹ ִ   ; 󱼵  Ҹ  Ǽ Ѱ  ٽο° ۿ ű⼭ ߻ڴ  ¥  װ  ƺ ʹٰ ̶   ־ ׷   ˾ Ȱ ۿ ׳ ٳ ʹ Ӵ ¥ ̹⵵ ¥ ־̾  θ ʽ ʰ ̶  ƺ ֱ׸  ǵ ׾ ޴ ƺ   ں ¥ ʹ ҽؼ  ƺ ƺű⼭ ־       츮 10⵵ ̸Ҵµ ׸   ̻ ۿ ȵ°ݾƾƺ ʹ   ƺ Բߴ ߾ۿ  ȳ   ƺ  鳯  ƺ  ߴ ߾︶ ٻѽ÷ ϴϱ 첨 ٴϸٴҼ ƺ߾ۿ µ  ̷  ߹ 𸣰ھ  ̿ θԵѴ ϸ   κ ƺ 󿡼  ڴϱ ׷Ծ˾ ƺ ȥ Ҳ ƺ  εɶ  ش߰ ȥҶ յ  ش߰  εǸ  ƺ ̻ ġشߴµ ϳ Ű  ƺ ޴ ִµ ʹ ʹ ϸ  Ϸ Ⱥϱ ĥ   ɱ ٽ  ִ°Ű   ֺ     ʽ °͵ µ  ߿    ʽ Ѵٴ°  ֺ  °ݾ   ƺ  ° ʹ   ۰ ƴµ  Ȳ Ϻ; ٵ    ذ Ҽ+ ۰Ÿ¸ ﰡŹ.     ð ٽôµ Ź. ο
1272, θȥ ʰ ǳʴ ʰ ¾ ּ ׸ οҼֵ ּ.. 󿡼 ̶̺  彽׿..
1273,  ̷  ݹ ߰  б ܰ Ǵ°ͺ  ° Ͱ( бȮڰ ȳü)
1274,ε  ϴٰ  ⵵ ϰ  ܷӰ Ӱ     ϳ Ͱ ɿ  ϰ Ǹ ¼ ̷ ӻϴϱ Ϸ  . ׷  и   ״ϱ.
1275,̶ູ°   ƴϴ.. ٵ   ƴϱ⿡ ׸ŭ    ƿ.    ̰ ....׷ ׸ŭ ȸ ٴ° ƴұ? ױȸ  󸶳 ҴĿ  ߾  Ű? ױȸ  ϸ ġ    ױȸ ϸ  غ߰ھ
1276,"¥ ƹ  ȵ. Ҷ  ڴ..^^  Ծ ƿ ּ.׷ ٷοͼ  뷡  ־..,,"
1277,  ̴ٸƿ  ˶㶧  
1278, Ʈ츶   ּ ϷϷ ູϰ ְ ּ   ҿԴϴ
1279,   ʹ     ڴ
1280,  ڽ   ʰ ְϱ 
1281,    ູϰ ϸ ٰ  Բ ȭؿ!
1282,2ε ǳ ڱոȭϳ׿.... ǳ ϸ ...  ¥   ε  η   ɷ  ľϴ ε տִ°  ʰ ǳ ¼  ִ°Ÿ ٶ󺸴ϱ ǳ 븸 ϰ  տ  ׳ ϰ... װ  ڱոȭ ϰ ¥ ڱոȭ  ƿ ڷγ   ϱ Ⱦ° ⵵ ϰ..    ϳ׿.. 3 ڴ..ٵ ȭ
1283, 3 ̷ ڤ 3̶  ϳϳ  ϰ ȴ   ̷  Ĺڴ  D-205...
1284,°ǰ? ƴѰ?  ̾ ϴ 鼭  ޽ ϴ ̿ :) ¥  غߴµ ߺ  ѹ ּ <3
1285,"   ʹ   װʹٴ    ʹ  ε.....  ݸ  Ʈް ¥  ٸ ¥   ʹ Ⱦϴ..... 뷡 ô в Ѹ ְ ;....    ʿ Դϴ ׳  ...    ̰ܳö󱸿.....׸ ϰ ;.....I don't know if it's puberty these days, but I think it's too hard and I want to die every day.I hate myself when I get stressed out when my math test score falls a little bit and I relieve that stress to others.So I'd like to talk to someone who's listening to this song.There's no one in the world who doesn't need it. They are born with their own talents, but they have not found them, so don't be discouraged and live proudly.ѢʪΪ⪷ʪɪȪƪĪ骯ݪ˪ʪê֪??Ǫ????ᴪЫȫ쫹ƪΫȫ쫹Ѫ?ꪹ窬ȪƪǪ͡ʪΪǪʰڤƪ۰˪?Ǫᦪ˪驪ΪʪѪϪʪ êުު?̸ǪʪêʪΪḁ̇̄ު?檭ƪԳ?Ѣ,ӣ??׫,?,Դ?ȡ????ڰ˽?,??,??ʪ??,?????ʰ?ͣ߾? , ڱ??, ?"
1286, ׳  ʴ´.    Ǯ Ѵٸ ׿ ´  ض.  ̴ϱ  Ϸ 
1287,   λ̾ ǵ
1288," 鼭 Կ""ɴ Ƕ"" ްҴµ  ҷ ׸ŭ ؾϴ± ̷ °Űƿ   ϳİ  ϴ° ̷ ˾Ƽ ִ° ϳ ɺΰ"
1289,"""ູϱ⿡ ڶ Ϸ""- ̳ʽ - ູϱ⵵ ڶ Ϸ縦  ϼ̳?  ູ ð ٰ ߴµ  Ϸ簡  ϰ ູ Ϸ׷  ູ Ϸ縦 "
1290,"Ѱο Ŀ, ħ õ , ̷  ,   ϴ, ᱹ ϴ Ǹ  Ǵ."
1291," ູ ڴ..,,"
1292, ׳ Ӹ ļ °ǵ ٵ ֳ...  𸣰ڴµ մϴ...?
1293,     ٰ ϵ  ſ     ȯҰſ    ̶  ⸦ մϴ...
1294,ٵ ̷ ؿФ ʹ  ϴ°Ͱϱ 3 ҰԿſ߾߾
1295,"ϴ  ε  ư  ּ ʹ ׸ ׶   ൿ,,,,  ʹ Ⱦ  â̾ ¥ "
1296, 뷡    ̷ ѽϰ  ׷ 𸣰ڴ ƴ   뷡 ٰ  ָ  
1297,л  ̳׿.. ׶    ϰ;µ..  ٽõưͳ׿.. л  ȸ ȭ
1298,帧 ¥ ϴµ  Ӹ   뷡 鼭 ©Կ
1299,ֵ ึ̵̿   ʳ ̾
1300,"ģ ư ϻ ʹ ļ,....ƹ׵ о , ȥ  ĳߵȴٰ ϴϳʹ ϰ "
1301,"   ̽ó?  󸶳      ƿ  ٰ   ƴϿ Ȥ ܸ   ֳ?   Ƹٿ    ־   󰥼   ̻ ̿  ٸ  񱳰    ̿ Ȥ   ֳ?  ϵ ׶ϵ ڽŸ  ־ ϸ ʹ ̻ ʾƿ   ù  ٰԿ   Ѹ̿ Ȥ Ͽ ٿ  ֳ?  δ ΰ  𸣰 ƴ      ſ 󱼿  ̼Ұ  ھ  Ѱ  ĵ ð ȱ⵵ ϰ  Ⱦƺ⵵ غ   ſ Ȥ о   ֳ?  δ λ ΰ ƴϿ ׿ Ϻ  ϰ ϰ ϰ  ص ǿ  ذ θ ִ° °  âۿ ִ ٶ  Ӹ °͵ ƿ  ص  ð ƴϱ   ϱ      ˾ٰԿ   д   ˾ƿ """"  ſ   ʴ° дϴ   """"    ְ 鸶𺸴 Ѹ   ־  뷡    ſ    ڶ ھ    ڶ ̻  ǰ  ϸ ̻  ɰſ  Ϸ    ٰԿ ۸   δ ƴ  ٰԿ  Ϸ ߾ ߾ ׻ ſ   ھ ̷  ۰Ÿ ؿ   оּż ؿ+ ´ꤾ   Ծ?    ԰ٳ  ġ ڴ õ  ϸ ڴ 1  2021̿    ʹ ġ  ̰  θ ̴ٴ.. մϴ٤Ф ¥ ð   ƿ    2022̶..  Ϸ絵 ϼ̱  1ڿ ٽ ðԿ ׶ ΰ θ   ֱ"
1302,"3000     ߰ϴ Ծȳ. Ϸ縦    Ҿ.   Ը   Ǵ  , ׷ ġ ִ Ϸ翴⸦ ٶ.        ϰ ÷   øµ,  ׷ ʵ  .  Ϸ ȿ  ϸ      , ̶,  ö ູ  ϳϳ ãƺ. ,    ູ Ϸ翴. ,       ̳.  ٰ ģ  ʹ Ϳ Ϸ翴. ̷   ϳ ູ ۵Ǵ Ŷ Ͼ ؿ.  ,  ູص ƹ  ݾƿ. ̶ູ  ڰ  ־.        ̶    ƿ.    ̿. ٽ ѹ  ,     ,    ̷, ϸ  ѱ   Ŷ . ׷   ٷ ̿./ ׸ ΰ Ǳ ٶ,  04 13"
1303,99%  ̱  մϴ! 1% е! Ϸ絵 ູϰ !
1304, 1Ǵµ δ Ŀ ϴ   ʾҰ Ӹ ̵Ȱ  ߵ  ʰ ׳    д .    аִ°Ŷ ߴµ  Ӹ   .  ڱ Ŀ  ۶°  ·  ؾ ̷  ϴ°ó ǰ. ̷ 鵵 ̷  ִ° Ӹ ¥   ̴  ׷
1305, ü?  λ̰   λ ΰε   λ    ϰž+ ø ƿ  ּ ˶ ö Ż   ҰԿ
1306, ƺ  ׸ ο ڴ.϶   ڴ.   ϴ°Ű  ȵǴ°Ŵ. λ  ž λ ѹ̾ ׷ϱ ϰ ϸ ƾߵ
1307,"  ô ,  ô е  ູϼ!"
1308,It`s you It`s always you... ƴ϶   Ҽ?ڷγ  ٵ ϰ ?
1309, ڽ ¥ ѽ Ҽִ°  ϴ°    ̷   鼭 д° ̵ǳ... ƿ䴭  ǳ׿..
1310,ٰ ̱ ٸ.. ΰ ߸ؿ ...׳  ǽ v(@??)v
1311,"""ϰ ° ü ǹִ°ž"""
1312, ϸ  ұ    ׻ ϴµ ƺϱ   ѽ ̴
1313," ̷  ص  ƿ ,  Ȱ ε.     . Ѹ   ϰſ. Ѹ     ־  .      ִ   𸣴  ö󸶵 ٰԿ.   帮 ; , ؿ .""  簡 ƴϴ ,  ູϸ ũ     ,   ? ""׸ ""  ̶ ,  ϴ´ ٰ ݾƿ?""ᱹ  ̵ ϼ , ó ϰ  ȸ ð ."" о ,  ʹ  ǰŰ  ʹ  ſ. ʿ شϴ . Ʋ ƴϰ 'ٸŴ.' '  Ѵ.'ö    Ⱑ   װɷ մϴ.  ߴ  μ."" Ʋ ƴϰ ٸŴ.""""  簡 ƴϴ."""
1314,  л ƿ ѹα  5̴ϱ
1315, ϴ ģ ִµ ʾ ׻ ׳ȿ  µ    ī   ְ ־  ׷  ϰ ִµ ѹ ƹ Կ
1316, ˸ ƹ͵ ƴϾ.ູ.ƹ͵ ƴϾ. -
1317,ڷγ ϻ Ȱ ϰ  ڷγ  ׳ ..(7/5 غϸ鼭...) Ϸ絵 ҽϴ.    źе  ູϽôٸ ϵ ູϽǰ̴ϴ   ǽñ
1318,  Ŭι ߰ϼ̽ϴ!!   ߵǰ ΰŸ Ÿ    ſ ູϽǰſ  Ϸ絵 ߾
1319,εɶ ̰ ؼ     Ǵ- ׶ ξ  -
1320,ù° 뷡 װžƳ׿?Ͽ糯  ѰӰ Ͼ  ʹ    ׷ ¦ϴ  ϳİ    ϰ ߴµ  ֵ  .׷!ϰ ڿ  
1321, ׸ΰ Դϴ.  .. ɳϰ Ѱ  ԰ ϷϷ εƮ ϸ鼭 ƼԴϴ!   Ȥö ô е  ⸦ ּ~~Фƿ
1322,̰鼭 ٰ    ִ° 𸣰ھ  ּ
1323,  ̴  鶧 غ   ̴ ׷     Ŷ ¥ ׷  ϴ´   ϴ  ִٸ   ϰ̴̻  б  ̿ϴ
1324,ƹ  µϰ  ¡׷ 30е  Ȱİ......(:2 ӵ ȱ ͳ...
1325,θ
1326,   Ź ϰ ġֳ׿.  ƹñ
1327,࿡ ƿ䰡   Ա  ưſ
1328,ڷ  Z ǵ忡 ߱淡 Ҵٳ ׷?( ? )?
1329,"ű ׳ ? ̸ Ǵϱ оٷ ? ̼ ִ    Դϴ ڽŰ  ϰ 缼 , ϷϷ ູϽñ ٶª  ؿ  ּż  , ູ Ϸ Ǽ!"
1330,  ȱ  ε װ ׷ ߸Ѱ
1331,̴  ¶Ŭ ĵ  Ϸ碂 ó԰óڰ°Ծƴ϶..
1332, б1  Ϳ  Ƽ  𸣰پ  پ   бŵ
1333,մϴ   һѰ ̾ ѻ  츮̽ϴ
1334, λ ΰ ϱ ึ̷̿ ư
1335,̰       뷡 ġ İ
1336,  ٰ Դµ ڱ  ¥θ  ¥  ȭ ´   ̶׿.... ;;;; ٸе鿡Դ 峭 鸮  Դϴ...Ф
1337,ƹ γ뷡 ٰ ġ 20° ϰ ִ ߽߰ϴ.
1338,𶧹 ģ   ϴ ~^^
1339,ģ  ؾ
1340,"ȳϼ  ̹ ⸻ ¥  ϴµ ٰ  ϳ ּ ,,, 7 ҳ׿  ,,,,,,,"
1341,¥    ۾ð ؾ.̰ ˸鼭  տ ϴ° .  ѱ
1342,̰  θ鼭   뷡 ġϱ 
1343,̳     ϴ° ƴ϶
1344,Looking for a comment in English?Well here it ishere's a hug
1345,ƹ  ʱϴ°  ׸
1346, ʹ 涧 ׳ ־  ȥ ϸ鼭 ־. ̵ɶ Ͼ 
1347,  .. ϴ¾̰ Ǿ? ׸  ׻ ָ ƾϴ°ɱ..
1348, ¥ Ѱſ óް  Ī ϴµ  ׷Ī 
1349,ķΰ Ҹϸ鼭  Dog....!
1350, ¥ ʹ ׿..
1351,"׳...ƹ.....;ٵѹ.. ηκ.ΰʾƿ?׷...¿..ʹȰ..̼󵵽Ȱ⵵Ȱ.,.....׳־׷..̶ݾƿ..ڽ̿ ׸ŭڱڽ ߰ϼ"
1352, Ϸ ʹ  Ҿ ʹ ߾̷     Ͽ  Ͼħ   λ ̷  ִ°и ߿     ̷ ִ°ž߾   ־   ־׳ а Ͼ  ׵ſ ֵѸ ʴ´ ϰ   ڴϱ
1353, ϸ  ؼ   Ŵ
1354, ε  ǰ Ͱ. ׵ ְ  ʰ  ް  ʰ. ϰ  ʰ.    ϰ ְ. ︮  ϰ  ʴ. ׳..   ϰ  ʾ.  ϴ  . ϰ  ͵  ؾϴ   Ұ  ʳ?
1355,ʹ  ¥ δ  صص   ճ  ϰ  ׿  ؼ  ٷιٷ ٽû 㹫 ¥ ʹȴٿ  ׷  뷡 鼭 غ ϴµ ϰ ̳  ְ  ϱȴٱ
1356,ܼ ϰ        ~
1357,10   .. ..... ϳ پٰ 粸 ٸ  ϳ     ߴµ     ...
1358, ڿ ڰ Ǵ .ʹ ؼ ζ..
1359,  Ʈ   ޴ Ÿ̰ŵ??ٵ..   ĥ ϰ ڱϸ ϰ ϰԵǿ..ٵ ƹ׵    ̾߱⸦   ׻  ȥ ׾...  ̻  ϰڳ׿..    ..θ   ϰڰ.. Žô 뵵  ūű⿡ ġ  ϰ..׻..  ֺ ΰ ϳ׿.. ̷  .. 𸣰ھ..  Ͼִ  ..?   ϰ ִµ    °θ ̳.....¥..  ̸ ..  ƴѵ ư° ʹ  ̷ ο ϶..ֺ   ̷  غϰ ִµ    ׿..ֺ  ƺε.. ģ..װ ¥  ƴѵ..      ε....2021 7..ʹ ׿..  ູ⸦..
1360,+ Ͼ   ־° µ ӵ ڷγ  ƹ ȸ簡 ڱ ȵư ߽ϴ   Ҽ־ ʹ Ҿϰ Ŵϴ ƹ  ó  ʾ ˴ϴ  Ҽִ°͵ ڷγ  ⸦ ⵵ϰ °͹ۿ ϴ..  Ͼ ڱ ƹ  ˰ִ° 𸨴ϴ Ӵϰ ˷ּ̰ ƹԴ ִ   𸣴ôϰ ֽϴ٤鼭 ̷  ó̶  Ҿϰ ϴ  ȳ  µ 뷡 ڸ  ׿  ƹ  ǲ...ҽ  'Ȥ Ӵ϶ ƹ ϴ°Ŷ? ̶ ڴ'' ̸ ڴ'   °...  Ѳ޲ִµ ' ̸ ڴ'  ϸ µ Ͼ׿䤾;;....̰ ǵ ̰...K
1361,"Ȳ   ´° 𸣰ھ    Ǵ°   ϱ⵵ Ⱦ Ʈ  ް,,, ϰ ϰ;"
1362,ణ    ģ    Į  ģ Ÿ ̳ λ絿       ϸ鼭 ϸ鼭  ε ϴ  ģ   ģ ׳   ǳϴµ
1363,"ɽؼ ѹÿԴٰ ״ ڹ,.,,,   "
1364,  ູϱ⸦
1365,      ʹ 
1366, ġ  ƾ ϴ  빫 ߴµ    ˴ϴĤ̲٤̷̱̤ĤФޤбԤбԤФбԱ
1367,     ʳ?   غ
1368,"ڱ λ ǥ  ׳ ǥ   ɰŴ  ɰŴ̹  ɰŴٴǥ,˾Ѿ?"
1369,ø ƿ  ôǰ..? ִ..͡
1370,"̱ ھ µ  ذֳ߰׿,, 5ε ߱.."
1371,ģ١  ;. .
1372,"¥   ʹ ģؿФФФг  1 ¶ ƴ»̰ ƴϿ ھ 1 ϸ  ٽ ÷ƹ ϰ ó, ϰ   ص  ؾϴ ׷ ̻ ģʹ   Ȱ  ģ б ָ ϴ° Ȱ ׷  ƹ ϴ  ¥ ȴ ФФФ .. ̤......"
1373,  °  ̳....
1374,ڷγ   ϱ ڲ ̺    ° ƿ. Ӹ    ƿ ̷   ...
1375,ƹ 
1376, ̻  ƴѵ  ̻  
1377,⵵   ..77**ȿ淡 81**Ÿµ 0̶ ׳  31-1Ÿ    4ȣŸ ִµ  5 ߵȴٰ ԸƼ ᱹ 3 ȴ١ ũε ģ ʹ ̾ϰ ̸̸ Ͼ غ   ʹ ѽϰ  ̸ ¥ װʹ зε ʹϴ  ȹ Ʋ°  Ⱦϴµ   ٸ ƴϰ ũ ̷ϱ  ¥ ¥ ⵵     ε ϰ б ģ ƹ  ׸    ൿ  ʹ  ѽϴ
1378,ù н 100ε  4  ùٶ󤿤  2.8 3.6 Ǵµ  ϳ Ʋ ͺ Ÿ ù  ͤФФ
1379,뷡   εȴ
1380, 󿡼  ΰŰ   ʾ ڴ
1381,۵ ϱ   츸Ѱ...
1382,â  ..¥ 󱼵𸣴µ Ⱦְͳ
1383, ׿
1384,"ƹ      õ   ȴ. ׳ ȭ    µ,   3      帣 ִ°.  и ,  ʴµ. ׳  ߸ż ֺ    Ⱦϴ  ε.   ߸ε.  ߴٰ  ִ."
1385, ʹ ..   Ѱ踦  ϴµ ̰ ´°ǰ Ͱ ð .. ʹ  ģ.   ִٰ ǳ ڲ ǽ .
1386,ʹ ູ    2׿!    ̷ ̸      ϸ   ּ ̷   Ϸ ̳İ!
1387,"λ ,ϴó . ׳ ϴó  غ ϴ°ž.λ ѹݾ.....ȸ ƺ"
1388,۵ ¥ 
1389,2022 ູҰž!
1390,ŷ ư ; ݺ  ó  ȵǴϱ ̷  Ϸ 絵   ̷  ; 縦    ̷ ο.  ؾұ
1391,밡 ʹ  Ƽ   ̺ ׳ ߻°    ڸ
1392,ù٤ε ڰ;    ؼ  ϴµӸ ϳ ȵ
1393, üѴٴ ҽĶ  ̼ؼ  ٽ  Դ ..
1394, '' ħ''
1395, ̷   ´°ɱ
1396," ߽ϴ ű⿡ ູϼ     ϰ ߾  ȸ ſ,,     ϼݾƿ ?? 츮 ƺ ʳ⵿ Ͻôٰ ڱ ̷ ø ؿ ..?           ġ ɱ ?? ϱ  ݾƿ  ׻  ʿ     ּ̾ 츮 ƺ ȥ൵    츮 ƺ   츮̶  ģߴ   ˾ƿ   ħ  ư̴ٴ   ϴٰ  Ⱦ Ǵ  ϴ?  ̴   Բ ؿ ð Ǻ ϴ󱸿  ϼ 츮ƺ ̸ ں س    ̴ 츮 Ʋּݾƿ  ׻ sns  ϼż ƿ   ٴϼݾƿ   ޸    ڵ         ?  ϱ ?? 119 Ű ϼ?    ͼ  ٰ ϰ   ƺ ڷγ       û ȸ ȴٰ ϼ ̰  ̶ ھ    ϱ ȭ   ̴鼭   ڴٰ Ͼ ׷ٸ鼭.   Ǹ   ʿ  ϼݾƿ     ϴ , ˼ϴ   Ⱦ ż   ž  ؿ ˼մϴ  ׻  Ʋּż ߽ϴ  ϼ ູϼ ű⿡ °  ǰϼ Դϴ  ؿ !!!??"
1397," ׾     ,  ʽĿ   ̳ ɱ.   ư ڰɸ Ű ־.  ڽ ų   ü..  ׷ ̿ ʹ ̿   Ǹϰ  ƺ θ  غ̴  ׷ ༭ "
1398,  ְ̾
1399, ׸ ;. ¥
1400,¥ ̰ ...   ִ  ³. δ ̰   λ Ī  ֶ.    .
1401,մϴ.
1402,  츮 λ ġ  .....  ˰
1403," ,   Ϳ ׳  Ӹ ʹ ϰ ؿ ũ ѹ    ڴ  ؿ  ʹ ̳׿ "
1404,Ϻϸ ΰ̰  ʵ ׷ Ϻ ʿ
1405,"..۵ ϱ 츮   ɰ   ޾Ҵ   ؼ õ ȭ! !, ...!"
1406, .  ع  ִ.  ִ . 𸣰ڴ.
1407, ƺ  ǳ ϴµ ƺ ʹ ϴϱ  ʹ ۿ  ʹ ϰ ׾ ƿ   ھ
1408,  ..?  ŭ   ׻   ĥ غ Ǿϱ!
1409,ȣ 1 Դ 98° ʹ
1410, ȭ
1411, ܾ   ˻ߴ  ٲ.. Ը   ʹ   ʾҴ  Ǵ е  ̳    ֱ⸦...
1412, ɴ ;
1413,..GTAغ.....Ĺ͸
1414,ÿܹ    2ð Ҵµ ȭ  ְ ּ
1415, â    츸ϴܰ ˰Եɰž :)
1416,ǰ  ڴ
1417, ٸ  ̵   ..
1418," Ȥ ""nikes on""̶ 뷡  ٹ   Ű Ź   ƴ ......?"
1419,츮  ̹  óݾ :)
1420,  ٴ尡 մ   gta ? ׷..
1421,10 ൵  ȵ 1  ̸ ̰̰!!!!ǵ̴³   ϴ³ ؼ    ƾƾƾƾƾƾƤ
1422, ƹ  Ʋ ۶ 
1423,ڱ ʹ..
1424,1⸸ ߺ 1⸸
1425, ƺ  °..  뷡.....
1426,.....̷ 
1427,@  Ŵ ູ߰  ູϰ ̷ ̴ູ.
1428,۳...   ׷־Ф    ־ФФ
1429,¶ ߿ ŷߴµ Ҹٵȴ 
1430,good~~
1431,  ǰ ʹ.
1432,... °  ε...
1433,"ذε.. ̷ ϰ, Ҿ...."
1434,  Ų   ؾߵɱ
1435,???? ????
1436, ص ׳ 帣µ °žߤ ڽ ̴   ʴ ʾ.
1437, ȱ׷ô ó ൿ ߴµ  װ  ȵǳ׿  ׳  Ƽ 
1438,̿ Ȳְ ͼ  װ  µ  մϴ..θԵ  Ȳ ̽Ű  ⼱ оԿ..Ȳ ۿö ͼ  ް ڽϴ.
1439,  ſ ʹ  ذҷ  
1440,
1441, ۺ鼭 ι ó̾
1442,° ׿...׿...ӳ׿....
1443, ģģ ǰ  ű⼭ ȥ ʹ      ǰ ; ε ʹ  ϴ ׳
1444,⿩ ¥   ׻     ε   뷡  Դµ  ΰ ȴ
1445,"Ѱ ٲ  ʰ ɾִ  ڸ  30и  ϸ 30ڿ  ,,  ٲ "
1446, Ʈ ֽô ȣԵ    ƿ.   1 Ǿµ  1⵿  ø   . ؿ ÿ  ÿ ġ  ߿ ض   ִµ     ̸ ø  ֱ⸦ ٷϴ
1447,   ŵ.   е   ̷   ݺǴٺ   ģ 󱸿.   Ծµ   ȣ  ׿.  뷡  տ ó ô  ʾƵ ǰ    ð  ִ 뷡̶ Ѱ ƿ. б    ܷο   ׶ ãƿðԿ. ̿ ø ȵſ! õ  ż մϴ. ó     帣󱸿. ٵ  帣 ʴ ɺ 뷡  ϱ 簡.  ׳ ϰ  뷡θ 鸮   ϴ 뷡 ǰ. õ  뷡 մϴ.
1448,   ͼ  긮 ߴ  ð  귶׿ 21⵵  ø   ó п θ غ  θ ߾ о Ư ߴµ  ׷ ̵   ׶ٴ    ƿ. б Ȱ ſ :)    뷡 ߿ Love is Gone  ó    Ͽ  Ƚϴ. ̻ϰ  뷡  ſ ϸ鼭 ູߴ  .  ׷  ŭ  Ƶ ʳϴ.     𸣰ڳ׿ ׷ ƿ 3 ٺ    ƿ. ø    ̿ ȸ  þֳ׿ ׸ŭ   ĥ  ִٴ Ű.. ε ⿡ŭ  ̶ ް  ڽϴ
1449,"This collection of songs eliminated my depression, bipolar disorder, and many heart wounds. I am always grateful to the person who made this collection of songs."
1450,ù ʹ ̷ӳ׿~   ƿ!     ܶ ˴ϴ! ð   ۿ ÷ּż ʹ մϴ. ѹ   ￡   ٽ   ϳ׿~ ˼  ȵµ ú ˼۵   ɰŰƿ~ ÷̸Ʈ մϴ!
1451,Thank you so much for the wonderful songs. They really helped me alleviate my depression and lethargy.
1452,"¥...ְ   뷡 ߴ, ¥   뷡 ̵Ǿִٴ..̿..ʹƿ*.*"
1453, 㿡 ȣ      ǳ׿..   帳ϴ!  ſ.
1454,ġ µ~Ф ϰ 鼭 ϴ.
1455, ϱ   ޷  Ϸ Ծ - 뷡   ʹ ƿ մϴ :)
1456,  ˷ֽ Բ 뷡 ʹ ƿ
1457,"ֱٿ    ȴµ ﰨ  ִ ,  ÷̸Ʈ   ȭǾϴ. ڿ  ູ ٶ ǰ,  ٽ    ƿ. մϴ."
1458,ʹ 絥 ҽö  ص  ִ   󱸿  뷡   ְ ִ°Ͱƿ... ø ּż  ؿ ȣ...
1459,  ϸ ܼ ̷ 뷡 ãƼ  ϴµ ø   ¥˳׿.. п մϴ
1460,"  Դ 뷡  ʹ ƿ !!  ù  Etham - 12:45     ʹ ƿ
𸣴 뷡    ϱ ƿ  ٸ 뷡鵵 ̸ ÷ּ !"
1461,п ϴٰ  ʹ ġ  ڽ ¤ ͼ  ÷̸Ʈ µ ʹ εǰ ƿ...õ  ׸ ȵǴµ ̷ ͱ⵵ ߴµ.. ÷ Ʈ 鼭   ġǴ ̶  ׳ ϰ ǳ׿!   Ʈ ŵ 帳ϴ!
1462,    µ  ø   .      ó  µ  ̼  ̴󱸿. ε ð    ϰ ູϽñ ҰԿ. 츮 ٵ  ̿ .
1463,ҿ ϴ 뷡 Ƽ űϰ ʹ ƿ!  ÷ּż ؿ:)
1464,׻   ĥ  Ʋ µ  Ǹ ־ּż մϴ!   յ ν λ  ϸ鼭 Ÿ   뷡   ġϰ ֽϴ.  Ӹƴ϶ ٵ  ٵ   غϽð 츮 ѹα̶ ڱ  Ѹ Ѷ ̷  غغô. 뷡  ӿ ܵ ġ ϳ ߾ó ǳ׿.  ϰ ε  뷡 ߺŹ帳ϴ!
1465," ġٰ  쿬 ߰ øε  ° ־. ʹ ļ  ϰ ;, Ű漺 Ӹ  Ŀ͵  ÷̸Ʈ   ɽ ̳   ƿ.  ư  ּż մϴ. ϴ ٶ ⸦ ּż մϴ."
1466,׸ 뷡  ׿  Ƴ ؼϴ  ƴ϶ ׳  ü ġ޴ ̿  뷡 ּż մϴ п  е鿡  Ǿ  ƿ
1467,춱 մϴ  ʹ ʹ Ǵ ǵ̶󼭿
1468,͵   ̰.. 뷡 մϴ??      ƿ!
1469,"¥ ̷   Ⱦµ   ƹ͵ ϰ ó ִµ ʹ ,  ¥ ȵǰ ƿ!!Ʈ   뷡  ÷ֽø ȵɱ? "
1470,  ߴµ.. ù  ׿.. 뷡 մϴ.. 뷡  ׿
1471,"ǰ ġ   ̿µ,  ÷ Ʈ  ҿ ϴ 뷡 ְ, ڷγ     뷡 Ƽ      ƿ. 뷡   ϴ."
1472,ȸ  ȸ  ݺǴ    㿡  ã ϴ  ø ּż ؿ :)
1473,  뷡   ϴ. ϳ   ̰   ˴ϴ. մϴ
1474,¥ ġڴ... Ʃ 뷡 ߿   뷡ΰ ó̿.....ФФФ   ٿ ϴ.... ¥ ⼭ ԿФФ
1475," 뷡 ,,,,ʹ"
1476,   뷡׿׻  뷡 õּż մϴ!^^
1477, ϰ ġ   ° ڰݾص 뷡 ʹ ׿ ̤!??
1478,"ڰ ɻ 赵 غؾ ǰ, Ⱓ̶  ε ؾϰ....... ǰ    Ǽ 絥 뷡 ʹ Ƽ  뷡   ƹ   ϰ ǳ׿...뷡 ʹ  Ǵ 簡 Ƽ    󸶸"
1479, ΰ   ִٴ° 󸶳 ...
1480,"ٵ  ʹ ̰,     ̴ϴ. ε ູϽð ȭϽʼ"
1481,"ʹ  ø׿..    Ϻ ε, п   !"
1482, ̷    ٴµ       Ǹ 氡 ־..ϰ ϴ??
1483,ĥ    ׿. ̷  뷡 ġ鼭 ݸ   ٵ:)
1484,¥  ϳϳ.. ʹ ҽϴ
1485,  ̻ϰ     ް   . ׷   뷡 ϴ.  ״ Ͽ  뷡   ǰ  Ǵ󱸿. ȸ ŭ     ƿ.  ô.
1486,"ȣ ؿ,,, λ ִ  ްִ̰ ϷϷ Ӹ ϰ ƹԵ Ҽ    ܳ ηϴٰ ʹ  ŷ   ؼ ̰ 쿬 ãҽϴ ,, ,,,   ° Ǵ ȣ  ɰ,,,   ,,׷  Դٺ   ǵ  ~Ѱ ̳? ̷ ,,, ,,  ̱,,,׷ ۵ ԵǾ    ϰ ְ,  μ  ִ ۵  ι޴  ǳ  Ƴ³׿,,   ƴϾ,, ׸  ðŶ  Ƽ ư ϴ ۵       ǵ       ƿ.    Կ"
1487, 뷡 ʹ ׿.߰߰ ƴ 뷡  Ӱ  뷡  Ƽ   ƿ. ߵڽϴ٢
1489,"˰ ź  Ʋ, ƹ ˻ؼ ȸ ø  Ǯʴ  ԰   ¼ ڵ   ø  ѹ濡 ġƾ. ø ּż  մϴ..  뷡   ðԿ. ε ູϽñ ٶ."
1490, ÷̸Ʈ  ׻ ູϼ ?
1491,  µ...   ʹ 
1492,¥...Ҷ ̰ŵ鼭  ...
1493,40 ֺο. ħ  Ȱ ִµ 뷡 ó ϰ ϴ. ׸ŭ 뷡 ٴ°^^ ÷ֽ  鼭  ϰڽϴ.
1494,ϴٰ ٽ Ϸ ɾִ° ͼ ʰ ļ 뷡 ãµ  ϴ 뷡׿ ϰϴ~ ġ     ϴ  ̷Ŷ  Ͼ  ȭ! ٸ е鵵  !!!!! Ҽִ!!!
1495,ϸ鼭 ⿡ ̳׿ մϴ! :))
1496, ʱ⸦ ٶ ÷ Ʈ óԴϴ. ߵڽϴ. մϴ.
1497,  ͼ  ִµ ׶ ιް ϴ. ϴ
1498, 2ε غ       ε ǰ  ģε  Ƹ     Դµ   ְ  뷡 Ʋּż մϴ. 2004  ȭ
1499,뷡 ʹ ƿ! ߵϴ  
1500,̳׿ ϸ鼭  ʹ ƿ
1501, 뷡 ʹ ƿ    帳ϴ^^
1502, ¥ ƴ  Ѹ ϱ   ϵ   ϰ öԴµ ٺ  Ǿ... 뷡  ׿
1503,ϴٰ ؼ 뷡µ  ׿ ϴٰ    Կ 
1504,ֱ ϴ  Ż Ż ؼ  ʹ   ! ٵ     ܴ  ִ ð̶ ϸ鼭 ϷϷ  ֽϴ  ÷̸Ʈ   ΰ Ǿϴ :)   հߴٰ  ޷ðԿ   źе   ູ Ϸ Ǽ!
1505,׳  ܲؼ ÷̸Ʈ ˻ؼ Ʋ   ÷̸Ʈε ڸ ƹ   ׿ ֺ   ʹ   ؼ ...  ÷̸Ʈ  ּż ؿ  𸣰 ׿
1506,"2020 б , б   ڷγ 鼭 ϸ ϰ ;  ϰ  ȿ   , бȰ ϰ  ؼ ӻ ,   ,   ø 鼭 ູϰ ¾ մϴ"
1507, 뷡  ູ ϼ!
1508,ƴ 뷡       ̳
1509,뷡 ¥ݾ ƿ
1510,  ־~ʹ ׿~մϴ ~^^
1511,뷡  ƿ~~!! 
1512,Ʃ ˼۸  edmų αƮ ִ°͵鸸 Ƴ 찡 ټµ... ̰ ¥ ̳׿
1513, ø  ãƵµ  ø Ű ƿ մϴ
1514, Ƽ Ʋ ƹ  ִµ Ƽ  ϴ. ο Ⱦ Ƽ  ƹ ø Ʋµ ϰ 㿡  δ㽺 ʰ ҽϴ :)    ø ּż մϴ.
1515,"3鿡  ̶    ε    ູϰ ,, ڷγ ñ  ٵ  ڱ,,, 3̶  ϳ׿"
1516,뷡ϳϳٳʹƼ׿~~!̷̿÷ּ!
1517,̶ ƿ°͸ε 츮    ̷Դϴ.  ð θ ޷ʽÿ ϰڽϴ.
1518,𸣴  ۿ ι޴´ٴ° ̷   Ȳӿ  θ ް  ̷ ۵   ǳ׿ ٵ ϰ    ϰ ι޽ϴٳ  ϱ
1519,ǼҸ  Բ  д  𸣰 ..ָ    ȥ µ... ڿ׸   ູ   ƺڿ  !!
1520, η  ϰų 鶧   ģ ä ϴ  ⼭ ä° ƿ. ƹ ģ   ϰ θ ޾Ƶ ʴ ҾȰ ݾƿ. 뷡 鼭   ϴ°  ȿΰ ƿ. ٻڰ  ޸       ޿  ְ.   ̷  ٸ  ״ϱ 츮      ݾƿ.   鼭 η ƿ.    ڽ̴ϱ  ȭ
1521,ݱ û ٰ Ծ ڱ ´ 鼭    ǳ׿
1522,  ã  øּż մϴ ??
1523, ٵ  ļ ŰŰ (뷡  ԰ų )   ߵɰſ ¥ο   θ Ƶ.   մϴ !
1524, ׿.. ص  ~
1525,뷡 ¥ Ƴ׿ 
1526,س Ż  Ⱓ  մϴ!
1527,п  뷡   ϴ. մϴ
1528, ø  Ż ߶ ð Ѱ ؾҶ ʹ  ־ Ф ᵵ ߿ Ÿ鼭  ְ   ׿ 
1529, ̷ õ ÷̸Ʈ.??????????
1530,å  ǳ   ƿ
1531, ϴ Ӹ ļ Դµ  ۿ ׿䰨մϴ!!!
1532,Ż  ⿡  ǳ׿. ̷ ø  ּż մϴ. ̰Ŷ  ׳  
1533,е ϼ  ޷ Դϴٽа  ƴϿ 츮 ٰ ô
1534,𸣴   ᳻ ϴ.嵵 ϰ ϰʹ  ߴµ...      ֳ׿  ູ   ߴµ  غߴ ߴµ    ־ϴ.   ư ֵ  ڽϴ. 뷡 ༭ մϴ.
1535,  ϱ
1536,ְ..  游 
1537,ٵ ݱ ־༭  :)
1538, Ϸ     ̳ ġǳ׿䰨մϴ
1539, Ʈ   ƿ   ȸ Ű ƿ ؿ
1540,2321Ͽ  ֽϴ.ٸ 𸣰ڰ  ǰϰ ġ    ƴ  ؼ
1541, 뷡̳ʹ ƿ!ʹ
1542,ε  Ȳ̵..(۵ ؼ ׿^^)
1543, 25ε ġ ... . θ ϸ ޷ 濡 ؼ  ͵ ƴ ʹ ° ׿... ̷ ̰д ٽźе  ߵɰ̴ϴ!
1544,~뷡ƿ~^^ε 뷡Źؿ
1545,뷡    Ż̿ !!   ſ
1546, ~ 쿬 Ŭ ߴµ 뷡 ʹ   ӹ ǳ׿~  ؿ~
1547,  ޴µ ø  Ƽ ߾?? մϴ
1548,̰ ¥... ϵȵ ̳ Ͽѹ ̿ Ʋ. ȯ
1549, 뷡  ִٴ° ŵ ູ ʹٴ ̰  ׷ ϰ  ູ; ̰ ãŶ󱸿!! ݵ ׶ ðſ 츰  ٶ ִ°Ŵϱ
1550, ʹ  ׷ ˻ϴٰ Եƴµ ʹ ..
1551, ϰ Ǵ   ޽Ľð̵ǵ  °Ű  ޽ϴϷ Ϸ   ƾ߰ڽϴ
1552,  뷡  ־  .  Ϸ絵 ູϳ
1553, Դϴ  ӵǸ  Ǽ  ϰ մϴ ׷     ̱ ⻵ô.
1554, رⰣ    ޾Ƽ ۸  Ǹ ٹȯ ⸸  Խϴ. 뵵     30е ɾ ߴµ   ζ ߵڲġ ä  ±濡 뷡 ιް   ϴ.
1555,ֱٿ    ް  ø  Ǿϴ..   Ǵ.. մϴ..
1556,̳׿Ӿ ԰ؿ
1557, Ƽ   ƾ  ϸ ſ.  ູ ϵ鸸 ϱ ٶԿ.
1558,ǼҿƮ ! ̶  ä ˰ԵǼ ʹ ູϳ׿
1559,뷡 ô ..
1560,       ݹ   ϰ      츮 ߵ  ִ ŭ  ܷο ִ° ƿ ׷ϱ    ״ ϰ  ּ
1561,ʹ ׿
1562, ļ   ߴµ   غڽϴ մϴ
1563, 20 ģ ũ οµ  ׳ Ѿ ̿µ ģ  ϰ ؼ  𸣰 ׿ ߳...ʹ ѵ  ƴ°ó ùȭ鿡 ֱ淡 ٷ  ־.  뷡 ּż մϴ.!
1564, ־  ° Ϸ   ߴµ ιްϴ. ϴ.
1565,  մϴ п  ߽ϴ.
1566,е  ϰ־.    ſ.  ٰ  ſ.
1567, 뷡   ~
1568,ο  ް ϴ~?
1569,"ʹ  , ģ ߿ 뷡    ׿.  ư ִ°   ʾ ؿ.  ׸ΰ  ͽϴ."
1570,ϸ  ͼ  ߴµ ø     ׷ Ʈ޴ ϸ 󱸿 ׷ ڽ ӱ⵵ ϰ ѽϱ⵵ؼ   İ  ķϰ ׿ ι޴ ̶ ʹ ƿ  մϴ
1571,"  մϴ.  ϷϷ ܿ, ̳  ϴ."
1572,ڵ õõ ٸ鼭 ׿
1573,õ  ܷӰ  Ϸ׿..  е Ͽ  ſ ϱ ϴ.
1574,̷ ø  ּż  մϴ.. ο ؾ  ñ⿡  ο ¦   µ  ݾ о    ƿ.. ְ  پ ٽ ڽϴ!
1575, źе 2021 ٵʰ ູϰ ̰ ñ մϴ
1576,뷡 ϳϳ ¡¥ ׿䡦..  ãƿðԿ!
1577,׳ õ  ܷӰ µ 뷡  ۺ鼭  ׷  츸 ̱   .     ׳ 뷡    ߴµ 󱼵 𸣰 Ҹ  𸣴  鿡  θ ް ׿. մϴ.      ְ ༭.
1578,մϴ^^  ξ̿ ̷  ִ  ϱ    Űƿ䡦
1579,׳ ƹ   ູߴ  Ҵ
1580,ΰ ǳ׿䰨մϴ...
1581, ʹƿ
1582, 뷡 ༭    ־ ׻ մϴ   մϴ
1583,ϰ ġ  Ϸ ̳뷡 鼭 ̳ ູϳ׿
1584, ¥ ȴֺ ִ°Ű  ¥ 鶩 ֺ ƹ°Űٳ 鶧 ٰϸ  ¡¡  鸱 ϰڴ ϰ  ΰǴ° 뷡°  Ÿ .¥ Ⱦ ױ  ٿٿư° ġ Ȱ 
1585,뷡   ϴ社
1586, ̰ ó  2 ϱ  ߴµ ߾̴١ 1̱..ð 
1587,   Ⱓ̶   ǳ׿ 
1588, ʹ ģ   ִ ǵ̳׿
1589, ø 帳ϴ^^
1590,Ф ʹ ƿ
1591,  ð   ̾
1592,ʹ ƿ䰨մϴ
1593,ȣ ؿ
1594, ȭϰ 
1595,ٵ ູսô 츮~!
1596,ʹ ƿ
1597,ظؼ  ȳµ ¥  ̰~
1598, 鼭 ϴ ٵ ̷    Ƽ   ٵ  鱸 ׷ ư 츮 ʹ ʹ Ƹٴ  մϴ
1599,Ѵ޿   Ҿϴ  ģ ƴѵ ֱ׸ ϳİ  ν  ߵǱ ߰ ν ູϱٷ ̿µ Ѽ Ƚϴ ʹ ϰ  ϴ ٸ  ªٸ ª 5̶ ð Դ  ó   ޾Ƶ鿩ʴ Դϴ   ˼ ̾ϰ  ̶  ܾ ִ ̾ҵԴϴ »  ڽϴ ΰ ູص  ʾ ڽϴ °  ׹𰡿 ʹ Ŵ޸ʾ ڽϴ 츰 Ưմϴ  ִٴ° ʹ Դϴ ùԴϴ Ư  ִ  οԴϴ ׷ ٵ ..
1600,¥  ϴ 뷡...
1601,빮ְ ڹ־ ʹʹ 絥 뷡   ׿ ...
1602,ʹ ..
1603, ؼ б ɽð  ִµ 27 ϱ ߷  Ÿ ֳ׿..
1604," Ⱑ ..,!"
1605,е  Ҿ  ߾ ŵ   ڰ մϴ. մϴ.
1606, ް ϴ! մϴ!
1607,¥  ʹ   ߴµ 뷡   ϰ ҷմϴ
1608,  ʴ  . װ ݱ  ķ . е ȭ!
1609, Ű?  . ̷      뷡  ø ̾?      µ   ><ؿ
1610,"鸮 ʰ Ǵ   
     Ƹٿ ɵ鵵 
  鸮 Ǿ
 鸮鼭 ٱ⸦  
 ?鸮 ʰ    
 ?
  ʰ Ǵ   
      ɵ鵵
    Ǿ
 ٶ    ϰ ǿ
  ʰ    鸮 Ǵ /ȯ"
1611,뷡 ΰ  ֳ׿...
1612,     ÷ Ʈ
1613, ϴ.
1614,ϰ θ ִ 뷡... 뷡  ִ .......
1615,ִ е ۸ ó ϰ ִ° ʹ ..
1616,̷ 뷡    ϰ ׿ 
1617,ǳ Ҷ ãƿɴϴ ؿ
1618, 뷡  뷡 Ż
1619,߿ ູŴ ٵ ô.
1620, ްϴ.뷡 ʹ Ƽ      ʾ ڳ׿.3/33/93/143/16 ʹ ̵ ׿ ..
1621, ׿~Ϳ!!!   !? ø ߾. մϴ.
1622,¥   Ư love is gone  ..
1623,¥ ó Ե ﳪ ʰ  ڴ....
1624, ſ   뷡   
1625,߱ϸ鼭 ϴ..  ȭ!
1626,  ? õ ޾ Ʈ ޾   մ´뵵 ȸ  ߹ ġ ϸ ڶ      ֱ⿡  ִ°̾ ׻ ϰ ׻  ȭ
1627,  ǰ  ǰ ص ǰ ʾ   Ƹ ־ ׷   Ƽ ٽ ϸ Ǵϱ ֱ⸸  
1628,  ֽϴ. ϸ õ ȭ ^^
1629,ٵ  1000  Ǵµ   ϳϳ ƿ ֽô Ʃ ...
1630,"...... ϰ ϴٰ  鼭     ä  ͻε...ۿ  е  ̸ ...ٵ δ ݾ  ,    ñ ٶ!!"
1631,ֿ տ ȥ  ִٴ η ϶  ڿ  ִ   Ÿ
1632,"λ ʹ µ ⼭ ġްϴ,.."
1633,2022    ϵ鸸 ׿ ־...2023   ϵ ׿ ھ...
1634,鶧  ͼ    ׿.. ÿ   ູ     ູұ...
1635, ູϼ
1636, ູ ص ⺹   ڴ.   
1637, ϴ..
1638,      θ ϸ    ڴ
1639,ȳϼ    ϰ   µ Ƿʰ ȵȴٸ ٿ  ? ʹ   ΰ ż ׷µ ȣԲ ȵȴٰ Ͻø ٷ ϰڽϴ.   ּż մϴ
1640,"ø ʹ ƿ,,,"
1641," ˰ ɰ͵ ̸ ˸󸶳 ,.   ظ԰ƾ 𸣰ڴ. ϰ ̷   ̳  ˷ڴ ..."
1642,λ 뷡 ̳׿
1643,ູ ڴ 
1644,   ϳ ٽú ְ ּ. ҰԿ..׶ ǰϱּ..ͽϴ. ...ƹ... ..
1645,  ð   ߾̾
1646,  ϴ 뷡 ۿ  
1647,ð  ſ  ϴϱ  ĵó ζٸ Ҵ  ݺؿ ϸ  ູ ູϸ  ٽ  ſ  ڽ ϱ⸸ ּ
1648,Ʈ ù blue  Ϻߴ.  뷡  ˾ưϴ!...
1649,ȴپ ~~~~
1650,2003 ȭ  !
1651,뷡....ֱ׳...... ϴ
1652,𸣴 鳢 ̷ ϰ  ϸ ϱ ٶµ  ̿ ִ   ϴ   ܸұ
1653, ־ ø
1654,"  ø ߿ ְ,,,  ø  ?"
1655,3 ù     ּ̤ФФ
1656, ϷϷ簡 ູ ʳ׿䡦  Ϸ縦 Ƽ ̵.. ģ ֽ ô  𸣰 ģ ¥ θ  ѻ   ηƳ׿. ׳  ִ   ູ ڳ׿ ٵ !
1657,ٵ   ׿ ٵ ٴ°  ϴ..
1658,"ƴ.. ׶忡 ٸ   ִٰ  ˰    ڵ Ǿµ, ù  ݹ޾ ٷ  Ȯ߳׿. 뷡 ּż ϴ."
1659,׳  ġ ׿  ƮҼŭ   簡   ׸ ̷   ̷ϴ ׳ ʹ ׿ 翡    ׿   ȥڼ Ƽ⿣ ʹ ܷο   °Ͱ  ϳ׿ ູϰ; 
1660, ˰ִ  ΰ ҽ   ̼ Ծ.   ù ߰   ־µ ׷ ҽ  ΰ տ   νð ̶ ǽؼ  ߾.    п    ϰ;... ﰡ   ϴ.
1661, ġ  ູ ̾ƴ ﰨ ġϴ° ƴұ
1662, ϸ鼭    鼭 ..ܼƮ尰̵󱸿׾ ͽ ȣԸͽ  ΰͰϴ
1663,뷡  ٺϰ 300̳ ¾..±
1664,뷡鼭 ۺϱ  ׿...
1665,Ʈ ư׿  մϴ~!!
1666,ڱ 뷡 µ  ϳ׿.....
1667, 뷡    ϰ ʹ. 󿡴  뷡 Ƽ   װ ʹ.  ᱹ  뷡 Դ° ʹ   ١
1668,ΰ ŭ ͵  ¥ ĥŰ
1669,"  ȸ, ָ ˹ϸ ƺ ð ,  󱸿  ׶  ϸ §,   Ҵ ؿ  ð ູ ð  . 츮 õ ϵ   ̰ܳ"
1670,Right here ʹ ׿̤
1671, Ⱓ ....
1672,  ƹ ° ...  ¥ Ƽ..  ؿ...  ׷  ׳ ̷ 뷡  Ǵ° ƿ... մϴ
1673,ù ... ݾ...
1674,츮뷡 ־ ѳ ׿
1675,  ø׿Ф
1676,¥ ̹ ʹʹ  ø ã ־µ  ø ̴󱸿.. õ  ִٰ ̷   ϰ ǳ׿.
1677, ٸ  ƶ 츮  ʿ   ƴ ޽̴.....  ġ ٸ   ϸ Ͼ  ִ ѹ  Ѵ  츮  ϴ   Ϳ  η򺸴   η ũ⶧̴ ̰ Գ  ̴  ڽ ޽ ʿϴ  ٸ  ׷  λ ؼ  ̴   ϱؼ ڽ ſ  ãƶ.... ư  ̼ ִ ̴  ־   ̾ƴϴ....
1678,  ߽ ϴ  ڷγ  ϶ Ÿ鼭 3     ϴ λ Ǿ    ʰ Ը    ó ̷ ÷̸Ʈ ׿ 鼭 ϱ   ϱ ڴٰ 浵    ʴ        Ǯ  ϴ   ؿ    ׿ :)
1679,   Գ ִ  ϴ   ǹ ð ⸦    ؿԽϴٸ  ׳ å غ å о ε մϴ     ϴ ΰ   ´  ҽϴ   ׸  ϰ ִٴ    Ȱϴ. ̹ 뷡⸦   ãƿԽϴ  ° 뷡   ϴ Դϴ 鸮ڸ  ƿ 뷡 Ʈ ּż 帳ϴٻο 2023  ñ ٶϴ      ˴ϴ ȸ ӱ  ƹ ؾ߰.  ڽŸ   ɾ ڽϴ ݺͳ ο  ޾ƺ    ׿ ư ٵ ູϽñ^-^
1680,ڱⰡ ϰ  Ѵٴ°  ϰ  ѷϰ ִٴ° ʹ η...ϵ   ϴ° Ϸ ؾ...
1681,켱 뷡   ϴ  Ѹ ´ٰ ϰ  ׷  ߴٰ Ĵ    ڷ ݱ  տ ٴ     ؿ.. ׳  ſΰ  Ӿ Ѱ   ̱̱ ΰɷ  ǳ׿  س ͵  ϴ°͵ 鼭    .. ׳ ư ͸ ص 
1682,¥  ߴµ ƹ ȹϾֳ׿..׻ ȥ ߵ µ  Ѹ ־ ڳ׿...
1683,   ߿ ʾƿ    ֱ  ° ̰   °̴ϴ  !!
1684,  а ϸ  ڴ...
1685,¥   ٹھҳ...
1686, ʹ ġ ؼ  .... ׷... ̾  ź ׷  ϰ ٴϸ   ǰ ְ   ʹ..ǰ ϸ  ϸ ູҼ  ٰ   ׶ Ǹ  ٸ  ãƿ ׷뵵 ؾ߸ ش̻ 鿡  ְ  ʾƳ ʹ ƾ  մ°͵   ..  Ѱ ູѵ...       ưʹ ..
1687,Ƶ ϴ Ѻϴ Դϴ  ΰ ȵװ   ʰ ߳   ̰ س  ̾߼   ʱ! ߸ƴϴ ൿ  ֱ⳪ ƴϸ ϰ ϰֱ⿩  ٴϰ ׻ ֱ
1688,  ִ 뷡 ã־ϴ. մϴ
1689,   뷡   ..
1690, ɰž!!
1691,ʰ    ˾ ٵ ֺ 鵵 ھ     Ǿ      ϰ  ߴµ װ  ̷    󸶳 絥 ʸ   Ƴ   ƴ  ٴ     װ ̻ ް  ̻       ֺ 鿡   ? ֺ   ϴµ    ְڴ  ϰ  ģϱ  ž ٵ ϰ  ̷ ϸ  ʶ      Ⱦ
1692,  ູ ڴٳ
1693, ..׳    ־µ üϴϱ ̰   Ծ..е  ..
1694, ø scars-elias  ־ּ Դϴ!
1695,  
1696,ȣ ؿ   ø п  ° Ҿ.
1697,ٸ   ſ̰            Ƽ ϰ ؼ ׳ ϸ Ǵ ϵ鵵 ϰԵǰ  µ   ̷   ٴ  ü ΰ ǰ   ƺ ϴ    ǳ׿ ̶ Ҷ ȥڶ   ܷӰ µ  ʴ  ż ϸ  Ƴô  е ִٴ  ϸ Բ Ϳ    ° .  ߱  ħ  Բ ħ ϴ   ִ. θ      Ͱ   ޸  ִ.   ϸ  ܷ ʰ  游ϰ ϷϷ縦  Ƴ    ƿ  մϴ е ȥڶ  ų ׷ ʴ Ȥ ܷο ٸ   򰡿   ϸ     ִٴ  ϰ   ư  ֱ ٶϴ
1698,ħ뿡 ;ɾ ϴ ٶ󺸴 ۳ ߿ ܿ ϴ  ǽ 츮 ƹ ׿   Ѵٴ¸ Ѹ ϱⰡ ׸  ʾٵ  Ѹ  ׸ âϰ βٰ  Ѹ ѹ غ ߳׿  ϰ ƿ  Ծĸ鼭 λִ ƹ  ʹ ׸ϴ   İ   ʹ ѽմϴ  ǹ̵    翡   ƹ   Ͽ  η ʰ ư ٶ ֽϴ ƹ   ̿ ̶   翡 ־  ϼ   翡  ְ ǰŶ ̴ϴ õ ģ  ιް ϴ
1699,   е ׻ 
1700,"׳ ϰ .  غ,ص ..  ̰ ̴ູϱ."
1701,ȳϼ .ر ϰִµ  Ȱ.ʹ  Խϴ  ٽ ڽϴ 뷡  ϴ
1702, ſ   Ǹϰ س° ڶϴ.  . ȳ ֹ!! <3
1703,2022 Դ ʹ ׿...2023  ãƿ ھ....
1704,"ٰ ̷  ο   ,    Ű ̷ ƹ   ݸ ؿ  ο   ѹ  ȸص ƿʾƿ  ϰ   ؾߵǴ ̷ ̷ ٴ   ϸ  ̷  ູؾߵǴ°   ϱ.   ູϸ Ȱſ.̷ ο Ű    ϸ    ̰ܳ־    ൿϼ ູϸ Ȱ , "
1705,¥    ϴµ ϰ    ϴ  Ͱ ʹ ģ
1706, Ʈ  µ  ϱ ٸе鵵   Ͻô󱸿 ѺѺ  ص帮  ׷ ؼ ˼۽׿    ϴ ̵ ϸ    η λ° Ҵµ ð ϱ ڱ ڽ  ؼ ׷ ƿ ڱ ڽ ٵּ   ֺ鿡  Ư ϱ å ð   ðſ õ簰 е п ϷϷ簡  ׿ ϰ !!
1707, ʹ  Դµ 뷡 ʹ ׿Ф̤ Ȥ  ó   ??
1708," ,  ־, ڽ Ͼ,ʰ  .鸱  θ     ϴ .ε ,  .  ־. ɰž"
1709,λ ¥ ٽ  ʹ......
1710,ߴ   ص ̷   ÷ θ ޾ƺڴٴ   ܿ⸸ ϳ׿...  絥  ¡¡  Ƽ...  ϴ 鼭 ƺԿ 뷡   
1711, ø  𸣴 뷡    ϴ 뷡鸸 ..
1712,  ι° ̺   쿬 Ե ä̿ ׵ еǾְ   Ǿִ Ǫ ɰ Ǵ° ׿  ٽ  ҽ  츮 ߴ ׳ ϰ  ʾƿ   ˷ ̴ϱ ׳   ſϱ  ޾Ƶ̰    ư ͽϴ  ڽ   ׵ ϴ  ڽ  ֺ ì   ìܰ鼭 ׷  ;  !!! մϴ 鸮 ɰ ƿ
1713, ۺ ε ȭ ! ̷ ſ ϸ ſ !
1714,ȭ ù      ִ Դϴ.
1715,ٸ     ׳ ׷  
1716, Ф
1717,   8 ģ  ǰ  Եǰ... Ϸ翡 ڻ 󸶳ϴ 𸣰ڳ׿. ̳ ǵ ιްϴ.
1718, ø ְ...
1719,ε ĥ ܷӴ    ټִ» ʿѵ   ϴ 𸣰ڰ   °谡 ʹȰ ܷο ʹȴ  ƹ   ְ  ְ   ڴ  ȹٶ ׳   ڴ  ƹ 𸣴   ʹ ϸ Ǹ Ѱ͵  ġ
1720,ȭ ʹ ̻ݴ  ȭ
1721,״ Ѿ ̾ϰ ֺ ׵ ̾ϰ б   Ѵٴ° Ƽ ȳ °ſ ġµ  ̶  ϰִ ſ ¿ ٸ ޾Ƶ̴µ  ˾ä Ե    Ҷ   帰  ˼ϸ鼭 ˾ּ ϰ б ϴ ɸ ˻翡 Ƽ ȳ ص  ϵ Ƽ   ڽſ 밡״ Ѿ ̾ϰ ֺ ׵ ̾ϰ б   Ѵٴ° Ƽ ȳ °ſ ġµ  ̶  ϰִ ſ ¿ ٸ ޾Ƶ̴µ  ˾ä Ե    Ҷ   帰  ˼ϸ鼭 ˾ּ ϰ б ϴ ɸ ˻翡 Ƽ ȳ ص  ϵ Ƽ  ʹ  ʵб 2г⶧  Ѹ    Ƴ ǰ  ƹ ô  ƹ ϰ ; װ  ġڰ ģ   ٸ    ٰ ϴٰ ġµ   ߴٰ ƴٴ ΰ踦 Ǹ鼭   ʹٸ  𸣰ڴ..θԵ   ϸ ׷ٰ   ųĸ ƺ  غڰ ̷ غ ڳ  غ ڳϴµ   ͵ ϸ ɰŶ° ˸鼭 ƺ ˰ڴٰ..غڴٴ  Ѹ ϴ°״ Ѿ ̾ϰ ֺ ׵ ̾ϰ б   Ѵٴ° Ƽ ȳ °ſ ġµ  ̶  ϰִ ſ ¿ ٸ ޾Ƶ̴µ  ˾ä Ե    Ҷ   帰  ˼ϸ鼭 ˾ּ ϰ б ϴ ɸ ˻翡 Ƽ ȳ ص  ϵ Ƽ   ڽſ 밡״ Ѿ ̾ϰ ֺ ׵ ̾ϰ б   Ѵٴ° Ƽ ȳ °ſ ġµ  ̶  ϰִ ſ ¿ ٸ ޾Ƶ̴µ  ˾ä Ե    Ҷ   帰  ˼ϸ鼭 ˾ּ ϰ б ϴ ɸ ˻翡 Ƽ ȳ ص  ϵ Ƽ  ʹ  ʵб 2г⶧  Ѹ    Ƴ ǰ  ƹ ô  ƹ ϰ ; װ  ġڰ ģ   ٸ    ٰ ϴٰ ġµ   ߴٰ ƴٴ ΰ踦 Ǹ鼭   ʹٸ  𸣰ڴ..θԵ   ϸ ׷ٰ   ųĸ ƺ  غڰ ̷ غ ڳ  غ ڳϴµ   ͵ ϸ ɰŶ° ˸鼭 ƺ ˰ڴٰ..غڴٴ  Ѹ ϴ´°..״ ƺ ߴ ϸ鼭 ׷ ߴ  ׷   𸣰 ݾ̶ 1ð ̶ غ ڳİϴµ ߸ϽŰ͵  θ  Ѱ   鼭  Դٰ ȴµ.. Ѿ ˼ϴ..θ  ø鼭   ϵ ־ٵ  ġ    ;  ־ ٵ ϰ ־ֽô θԲ  ǥմϴ.. 帮 ׻ ˼ϸ鼭 ؿ... ̰ ϴ°   뷡   е  Ϸ ϼ̰.. Ϸ簡 󸶳    Ϸ絵  ˸鼭 ƺ.. ϼ̰ õ  ϵ ƺ   ..˼մϴ٤
1722,ó ̰ܳϰ״ ſϰð ڿ ſ ϰԵǰȲ ϰԵǰ ġ  Ű ʰ Եǰ̷  ܿ åϰ ̰ܳ  ã Ƽ ִµ̰ Եɰ͸    ߹ ĺ  ŰƼ̵  ߵưٴ°ϰԵ ̶װ ƴѵ ư  ˼մϴ ̷ Ἥ ׳ ;
1723, ģ ʹ õְ  ̴..  ¥    ģ  Ƽ ʹ ȥ ϴµ    ؼ ׻ δ ִµ   ִ° Ƽ ̾ϰ Ⱦ⵵ ..  ׷ ڰ ִ ִϱ Ͼ ڰ ̻  óִ   
1724,ٵ  ̶  Բ༭  ׻ ༭   ູ϶  ʹ ϰ   󱸿 ״ϱ Ա  ϱ  ڿ   ູ ϱ ٶ
1725,ġ   ϰ ִ 뷡 30
1726, ηϴ   ȴٳ  ϴ  ȴ̴ Ϸ  ȴټ ϴ  ȴٱ׳ ̴ װ ʹױ ⿡ ̼ ߵ ѴٵηƴٿϴҼ ִ   ڴ
1727,", ο,  뽺 õõ  Ѱ Ѱ ȴ  .. ٷ     츸 մϴ. - Ͽ ġ ʴ  鿡 Ѿ ,   ,  ... ƿ ƿ  ƿ԰  ſ... װ ̴ϱ-ʹ     ̵鿡"
1728,ٵ ӻ  ְ?    ģ ߴ. ӻ ȸ . ٵ  ¥
1729, ֺ ϰ Ѱ  ʹ  Ϸ µ ....  ׿..... ʹ  ļ   𸣰 ۻ ϴٰ  뷡  1ð ῡ ......   ƿ......
1730,"¥      ϴ ,"
1731, ѹ   ġﺻ  ѹ ȥ ̶  Ծó׿ װ͵ Ϸ    ص  ̶   ͳ׿
1732, Always   ߾..̤   ־µ.. ƴ 뷡 ͼ ׷.. ѱ 뷡 ׷..  ϴ   ׷..̤....
1733,  Ŵ ׸ ̿ ſ ʹ   ׸⸸ϰ 翡 Ͻð ׸ ٰ ̷   μ  翡 ϸ   ̷ ðſ ׷ϱ Dont worry about future!! Concentrate now!
1734,մϴ  ħ ϰ Ͼ ܼġ 翬 ־  ƺ ؼ    ϱ   ϴ մϴ ڻ쵵 ߴµ  ׿  뷡鼭 ô ϸ鼭 ϰ ֽϴ 12 ü  ٰ ̷   ¶  մϴ   Ϸ縦 ޷־׿  մϴ
1735, Ϸ ȸ ִּ غ!
1736,¥... ʹ ..ð ¥  ̸  𸣰ھ..
1737,"[ü ASMR] ٴٰ鸰 | ׳  ,  ⸻... |  Ⱓ  ASMR"
1738, ׻ Ϳ ġ⸸ Ѱ Ƽ  ġ ʰ  ôµ ׵ ģ   ¼    ׿ ڲ      ǽ ϰ Ⱦϴ  ȴϴ    ɶ ø     մϴ!
1739,ؿ^^
1740, 20  ε..  ƹ͵  ϴ° Ƽ å 峪.. ¥ ó ε غ Ͱ ó бݵ ް θ ڰ ص帮  ó  ʳ׿.. ٸ е ٴ    ʹ ̳׿.. .. ϡ
1741,ʹ 絥  ƹ ôϸ     ޽ ħ뿡   ǵ
1742,    ٲ    
1743, ƹ  ϴ ൿ   ʹ ġ ó޴´ٱ׷ غ ڱ ̵溸°  ִٰ ׷   ׳  ϱ ߴ   ڱ ٲٴ°   ݺ  ұ  غ ٲٴ° Ű׻  ߸ߴٰ ̾ϴٰ ƶ   ֱ⸸ ӵ   δ ȥ ְ ʹٳ̰  ƺ Բϴ ð پ ģ Բϴ ð ָ  ٴϰ 9뿡 ٷ Ͽ 12뿡  п    10õǰ  ٷ ڰ Բ ϴ½ð پ̰ ³   ģ ְ ʹٳ ̷ ñ⵵  ϸ ٸ° ̴ٱٸ ٸ  ູҶ ְ ٷѴ׻  տ ô ô  ȱ   뼭 Ͱ ιް  ٵ  °ݾ  ȵݾ  ̻ϰ ݾ ׷ ̻  Ǵ°ݾ ׷ ׳ ô ô ؾߵǴ°ž װŻ̾߱׳     ϰ ־  
1744, ƿ
1745,   ׳ Ŀ ׳  
1746,"    ư ִ°?  ư ÿ ׾ ִ°ǰ?  ϱ⿡ ̸ óϰ ߹ġ°?  ִ    ־°?        ٶ°?     ӿ  ⸸ ϴ°?     ϴ°?  οϴ°?  ľ߸ ϴ°?    ʴ  ӿ ƾϴ°ǰ?  ΰ ູغ̴  ̹ó ִ ΰ? ޴   ο ϴ°?  ̷  ϴ°?    ִ,   ӿ  ä ΰ? ΰ   °?   ó   ȴ޳ ΰ?   ΰ?   ̿ϰ ϴ ΰ? ̸ ̱ ΰ?    Ȥ ΰ?  ׿ ʴ ΰ?    ΰ? ƴ ̷   ʴ ΰ?Ȥ   װ   ΰ?    ʴ ΰ? ϴ  ޶ ̷ ǥϴµ  ġä ϴ°?   о ʴ ΰ?  Ⱦ ʴ ΰ?   ʴ ΰ?ü   ൿؾϴ°?ູ ΰ?   䳻⸸ ϴ°?  귯ϴ°?  ޾ƾϴ°?  ´ ΰ? ߸   ˷ּ. ʹ 뽺  ߸߳?  ູ  °ǰ?ؾ ູ   ֳ?? ü ?"
1747, 򰡼 㹫ϰ հŸ   ٰ... Ե  ô Ƹϴ. ȥ ִ ⿡  Ͽ 츮 ̷ ɰ̴ϴ
1748,̷ ó Ẹµ ٰ ߴٰ Ѹ ּ 鶧 װ 鼭  ;
1749,ϳ  Ǵ°    ֺ   ߾ϴ ̶   Ŵٸ 𸣴 е   ͳ׿ ׷Զ  ްͳ׿
1750,Ȥ    ..?!
1751," ȴ  ѹ, īο ؼ Ŀ  缭  ô Ŀ  . ǻ       ϴ ƺ Ҹ  ͵. Բ ϴ   ,   ̸̱  ٴ  ڴ  𿡼     θ ڶ, θ , θ ູ"
1752,"   ֽϴ. ູ, ݵ, ĵ, η   Դϴ.  ϳ о ʰ ۵ó   ĵ Ÿ 츮 Ǳ⸦ ٶϴ.  Ͻñ ,  ãƿ  е."
1753,簨 뷡 ´...
1754,"ʹ ؿ.  Ѹ ڶ󳯶  ̷ ־ .ֱ 1  ԰ִµ,    ;. ð  ߾.ʹ .׷ ݱ Ȧ ϰ־. ƴ ,          ƿ"
1755,"¥  鶧 ִµ....鶧 ִµ..̷ ƹ ʰ ѱ ƹ͵ ƴѰ ó  ¥ 絥...   Ҽ  ൵ Ǵµ   Ѹ  ؼ ׻  ó ޾ƾϰ ڱ ȭٰ ٸ  ȭ ׷  ʹ,,ѽϰ    ˾ ڴ   ϰ ׷  ٸ     ׸ ⸸ ϴ  .."
1756,"о,,迡,.  Ȳ ģ е   ذǾ ູϱ⸦ ٶϴ.   ε ̰  ⸦ ⵵غϴ.  ġ Ҽִ ּ  غ ׷ Ѵٸ ׶  ϴ  °.  ΰ   ߸ 濡 ٰ ʰ       ̶ ϸ  ư մϴ.ó԰   ̷Գ      𸣰ڽϴ."
1757,ݺ 11ð ȣ ϸ A+̴. ޴޳ʱ
1758,̱      ʹ...
1759,  ִ      ƴϸ ̷   𸣴 뷡 
1760,̶  ߿ݾ ֱ׷   Ƽ     ؾߵǴ°  ׷   ϰ ڡ. ̷ а ׷  ƴѰ ˰ ׻   ̷ 󿡼 η  ڽ 򰡹ް ֳĴ ° ¥ ǳǳ ׷ ູ ˾Ҵ ߵȰ  ູ ʰ  ݴ  ʹ ȣ  ظҴ  ڽſ ʹ ̾ϰ ̷ ñϼ  ڽ ؾߵȴٴ°     Ȱ ϰ ǰ ɸ  ¥   𸣰ڰ ѱ  Ͱ   ¥ ׻ Ѵ  ó  ׷ ϳ  ¥   ɱ ⳲҰ λ ʳ Ҵµ   ߾ϴ 𸣰ھ. ׻  ־ ݸ ⳻   Ȳ  ٴ   öϰ ̷. ¥ ̷  λ ູؾϴ  ̿   ູߴ   ȳ° ʹ ̾  ڽſ    ε   ؼ ̾  ٵ ̾Ѱ ƴµ ε ޶°   ̾ ¥ ̾ ʹ ̾
1761,ڱ Ӹļ µ Ӹ  Ǯ
1762, ⸦ о  ٴ      о  . ٵ о  ٴ    ܷӰ  뷡 ϰ .  п ִ 뷡 ̹ õ Ѿ װ   뷡   Ʃ꿡 ܷοﶧ  뷡 ġ  ҽ.   ҽ    ƴұ ̷  ϰԵ.  ҽ ɱ ̻Ѱɱ.  ִ   õ  ȥ ￡ .
1763, 6 Ȱ Ѵ޵ڸ µ ʹ ׿ ȸ б ķ µ   Ҷ ~Ф
1764,ϴ°  Ҷ ְ   ̷  Ф
1765,ϸ鼭  뷡   ֳ
1766, ô ġ ູ ڴ ׵     ⸦ ̷  ϰ ִٴ°  ڽ ʶ λ ߸ ҳ ʹ ʹ 
1767,  ƿԴµ   ..  ճ  ݳ. !       ڸ  ! ϶  ҼŴ
1768,츮 ¥ ູ Ѹŭ
1769,̼ ִ δ  ڰְ ¾...    ϰڳ׿ 鶩  ſ   ܷο ߿ ܷ ʱ⸦ ⵵ϸ   ϸ鼭  ѱ ʹ    Ŀ ó 鼭  ִ  ϳ  Լ ־ ϸ鼭 ̼     ܷӰ ƾ ϱ ϸ鼭 ֽ ִô ô ϸ鼭 ϸ鼭 Ե ģ ⸦ ؿ ׷鼭  ũ Ű? ߿  ݺ    Ŷ ϰ ͳ׿...
1770,    ׸ Ƹ
1771,ƹ       _
1772,Ͽ  ǰ縦  Դµ ߴ Ѹ  ̶    ϰ ٰ ġְ ԰ʹٰ  ũ ϰ  ƹų ͼ ʵ ȺҰ ׳ 鳢 Գ׿ ģ Ͽ   ְ ũ ʵ ȾƼ Ҵ ʹ η   Ͽ  ұ
1773,׳ .. ̷   𸣰..  ư 𸣰ڴپ  ϱ⿡  ε  ö  ʹ ȴټϰ ó ݹ   ִ  ư ʹ ..
1774,"ģ Ϸ  پϰ, ູϰ   ̰."
1775, ó ݺǰ    鼭 ܷӰ ϰ ϰ ˼  ſ ...ִ° Դ°͵  °͵ ο  °͵ ׶ ׼ ſ ݻ ִ   ΰ ϸ鼭  ؾ 𸣰..𰡿 غ   غ  ᱸó ִ   ߾ȉ ׳  ͵ ƴ ΰ ȰŰƼ Ӵ
1776, ٰ   ְ ູϸ ູ    ִ   ִ ״   ִ   ھ       ̱⿡   ϴ  Ǳ⸦
1777,  °  ٲ° °   ϰ ִ  Ʋ 
1778, 40 Ҵµ ּ ϰڽϴ.
1779, ε ϴµ  ΰ Ʃ ε ؼ ̾ؿ ״ ̹ ȸ  ̱Կ   ༭
1780,ݹٷູ
1781,̰  ּ :)
1782, ־ մϴ
1783,"ھ  ðε     , ̰͸  ¥ - ϴ  ʹ Ƽ   ֳ׿.."
1784,뷡
1785,뷡   ״    
1786,  ʾƺ̰.. ٵ ׷ ְ?λ   ʳ׿ °   °..
1787,߰      ӿ  ⸻ غ϶ Ҹ 
1788,304 ġ Ͻó׿ ӵ ñ ٶϴ
1789,׳  Ծ. ٽ ڱ   ؿ.      . ʹ   ݱ ִ   ͱ   ƿ.     ھ
1790,"̶ູ ..2 ⸻ ù 赵 ߰ ǥ ް   ϸ鼭   𸣰ڰ..  ƾ ູ, θ ȣѵ帱 𸣰ڴ.. ̷ ηƴ..  λ     𸣰ڴ..  λ ƾ ߿   .. λ  ູϰ  Ҵ١ ̷    "
1791,ϰ 鶧   ž Ƴ뷡 Դϴ. ư ߵ ϴ
1792,뷡 ʹ ƿ
1793,"°     ͵, غ... ¥   ѹ ġ ȥ Ҽϱ     ְ  ־ٸ ̷   ް  ʰ.."
1794,..
1795,"   ϱ , ݱ  ˾׵   ִ , װ    ƴѰ?"
1796,"õ    ϴ󱸿..ģ ϼҿϷ ߴµ ʹ  ؼ   ϰ ׳ ... ׷ ⿡ .   ׸  ׸̱⿡ ...   ׳... Ǵ  ϳ    ռ׿..   ٸ  ο   𸣴  Ȱ µ... 3 ó ̰ ׿ ش   ߴµ ׶ó  Ⱦ ϴ ̳׿.׶  ¥ ģ ˾Ҿ.θԵ ׷ ߰.   ִ  ƿ.  ֺ 鿡 .""..     ??""   ""׷   ."" ...   ""  ...?""  ϴ. ó ƴϾ. ׳...""׷"" ϰ ѱ  ־.   ϸ   ߴ   ϵ  ..׶  ϸ   İ.   ˾Ҵµ .   ܾ  ̵ ̸  ...  ذ 뼭ϰ  ϸ   и Ͼٴ ... ̰ ´ ɱ ;.  ϸ ̰ ʵб  عٶ Ϳ   ̷ ̴ּµ ׺ Ͻ    ... ο. ׶ ӼԵ ʹ ϼ̰. ׳ ΰ ʹ ߾. װ    ε     ζð ̷ ...  ǿ Ŀ.  ֵ     ִµ  ̶    Ե  Ŷ  ϳ׿. Ŵ ̰  ֵ ׶  ڶ   ٵ..       ּ. ׳   б ŸƲ ... ... ...  ߰ڳ׿.  ٰ...   ĥ  ƿ...    ؿ."
1797,׳ ᵵ  ڰ ϰ  ͵ ϴ  ñ Ϸ  µ  ȵǴϱ װ  ġڳ     ׷ Ƽ ؼ ġ ϴµ  ú Ǵٴ   ¥   ø п ķ   Կ
1798,ϳ Ʈ޾ذ ¥̴.ݳʹ絥.. ʹµ ..Ű ̰ܳŰ ..
1799,   ģ    ߾  İ°   ˰ڴ 󿡼 ġ ʰ ƾ  Ѱſٴ°
1800,  𸣰.. Ҷ ׳ θ °Űƿ 췷   ְڴٴ ׷뷡  ھ
1801,1:21:02    ߰!
1802," ʹ   ޷ Դµ    ۷ ٸ ϰ ִ ¥¥ 絥 ״ ϰڰ ׷ٰ ٸ ϱ⿣ ʹ   ¾Ƽ   ϰڳ׿ ΰ   ͵  ѹ  ϰ ظ Ǯִ ð Ĺ ٽ ǵ  ƿ    ֺ   Ѻ ƽϴ  ߸߰   ģ  ׺а 7  ε ׺в `  ߸ñ   ¥   .. ɴ õ  ߾µ ᱹ  ſ Բ ʹ    غȾ   Ƽ  Ȳ ó ߽ϴ   ֺ 󸶾   ƾ ׷   ׿   ٸ ٲ   ֺ  ǸŰ        ڽ йϰ   Ͱƿ  ¥ 𸣰ڳ׿   ϰִ° ϰִ°ǰ? ̰Ը³?    Ǽ߳?   ż  Ӹ ɵ׿ ڱ ذ    Ѱ  ̷ ڱ ع  ֺ  ?   Ͱ ` ٰ,  ʹ Ե װʹٰ,   ˾ƴ޶   񱸸۱ ö  ϳ׿ ¥  x̿ ٵ  ؾ 𸣰ھ ݵ Ȳϰֳ׿  ƹ  Ѹּ"
1803,    𸣰ھ ʹ 
1804,lauv changes modern loneliness ° ƽ׿
1805,"°   ̱ ٸ    . ׷, ϻ  ӿ Ҽ ູ ã, ٽ    ư,츮. õ  ߾. ε."
1806,      ±  ߿Ծ ƾƹ ༭  
1807," ʵл  Գ Ͱ ¥ ʹ װͰ  ϰ ̰     ͼ   Ű ɸ   ޾ ص   ¥   ˶  ۿ  ׵  о   ϰھ,,       Ʈ Ǫ¹ ģ̶  ¹   𸣰ھ  뷡  "
1808,"׵    ε,    û ƿ. ݹ ˰Ե .     ̷    ׿.  ʹ Ҿؼ ݵ  ۵ ϳ ϳ а ִµ   ʹ   ʾƿ. (   뷡     ɴ ̳׿. ̷  ó̶ Ȳ...) ׷      ֽô   ʹ ڰ ؼ ϳ  ־.    ޴  ƴ϶ ó Ҿ   е   ִ  ɰԿ.   ϰ ϴ. ."
1809,  ʹٰ ƴ  ־ Ǵ Ծ   ڱ ٰ ƴ    ʺ  ϱ   ׳麸   ٰ  ׶ å ٰ ڱ ϰ ʹٰ ƴ      ȸ  ұ?    ڱ λ  ù  Ű ص ٽѹ  غ   ù߰ Ű ϰ ൿϰ ִ° ڴ° ϴ° ϴ° ϳϳ Ʈ  ҰŸ ũ  ̶ ϰ ٴ  ִٰ     ƺ ڿ ְ ְ տ  ְ ִ. տ ϴµ  ڿ   ϳ ϰ   ۽ɻ ƴ ۽    ̷  ׶           ־ ׷ Ʊ ð    ݺ͸ ġ  ģ  ϰ   ƴ    Ҽ ִٱ   ڽŵ   Ѵ    ̴    ȵȴٱ ʰ  ȵȴ  ʰ ̶ ϴ   ׶ ð ϰ ִ°Ŵٱ  ϴ°ſ  ȸ    ̴  ưڱ   ִ !
1810, ڴ
1811, Ҽ.  ּ. ʹư    ƴٵ ..
1812, beautiful tomorrow ȴ
1813,׸  Ҿ  ݺǵ    ڽ
1814,"  ſΰ͸ Ҿ. ׷ ƺ 츰 ٵ   ݾ.      ϰ  .    аִ ʵ   ̾ ..?  ϰ ִٸ   ڽ 󸶳  ذҴٴ°ž ʹ , ʹ ļ ׷  ƺڱ ̾ ޹ ̾ϰ! ̰   Ƶ ϱ ǰϰ! (?????)?"
1815,"¿ ""  ""  ϰ    ū   ϴ Ȳ ¿ 鼭 óϴ   ϰ Ǵ  ϴ..  ..."
1816,ʹ  ģ װ ʹ   ֺ ٽ ѷ  ϰ ϴ     츮    װ     սô
1817,ϷϷ縦 Ҿϰ ϰ ư ִٳ  ູ ̴µ   ׻ Ҿϸ ư ұ... ϸ ʹ   ģ..  Դ ޽   ° ٿ   Ҵµ ׳ ƹ͵ ϱ ȴϰ  ʹٿ غ ̷  ηƴ
1818,"ŭ ٰ ߴµ  Ͱ   ׶  ͵ ƴϴ...ݵ  ū  տ  ̰λ  ̶ ϸ ϷϷ簡    ư λ,    ٰ  , ̰ܳ  ְ, Ŷ "
1819,"  ô,  ô, ó   ô. ͼ   翬ϰ  ͵. õ ٸ  ޷   ΰ ƴ϶   ."
1820,  ູߴ ǰ   ٰ ٸ  ٸ غ  鿡 ູѱ  츮   ƺ ѹ ٽ ̼¢ ִ  ȸ  ƴұ? ̳뷡 鼭 ູߴ   ູѻ̱  ູ ־ ̱ غ ູ  ƴ϶  ǰſ     ſ е ູѱ鵵   ʴ ϴ 츮 ѹ 鼭 ̴ ĺƿ ູϴ  ſ
1821,  ʹ ѽϴ. ϴ°͵ µ ٰ 기ٴ ٵ ¼  ִ°͵    ƿµ.
1822,  ִ  ƴ϶  ׿̷ ˾         Ծ ׷ 
1823,¥ ù ôٰ ̷ Ҹ  Ǵ°ɱ..?   ߴµ ȵǴ° ϶.. ¥ ġ ʹ   λ ε ƴѵ  ̷ Ҹ 鼭  ؾߵǴ  ׻ ̿µ ̹ ׷ ϰڴ.. ƹ ϱ  ;... ʹ .. ̷  λ η..   ϰ Ͱ ڶ Ƶ   ׷ ұ ηư  ٵ   ְ ٱġ⸸..?   ̻ ļ  ؾ  𸣰ھ ʹ  ׸ ̾ؿ  ۿ ȵǼ
1824,÷ ־ д .  ߵ. Ҽ־.  Ѿ ƴϾ. .
1825,12:45 ä̤   뷡µ̤
1826,ϴ  ο ! ݸ   !
1827,¦ ʹ  ФФ     Ƽ ̸鼭 Ϸ縦 ٰ ٸ ִٴ  ȣ ̸  Ф
1828,¥  ȴ ..ƹ ˾ ʴµ Ϸ ̸ Ƶչٵ ư°ɱ ʹ ģ  ƹʹ ¥ ʹʹ ....Ф
1829," 1 ° ǰߴ  ݾ  ִ ߿ Ǳغ Ѵٰ  ִ ,   ǰ  .. ϰʹ..赵  ȳҴٰ "
1830,
1831,Ŵ ׸ ̷ ηƴ
1832,ߺ ֽϴ
1833,     .¥ ӿ  ִ  ̾ķϸ鼭 ¥ ϴ ֶ   ȵƴµ  ¸ ϰ ־ ֱ     ϰ ϴ ൿ  ߾  ߸Ѱ ٴ  ƴµ 뼭      Ƽ ϱ⸸ϴ.  ; ༭  ̾ߴ...׸  û ڴϱ ܸ ڽŰ 
1834,"1ε̤ бȰ  ߿ ڷγȮǼ ٽ  Ф   ۿ ؾ ǴµФ ׿Ф   ܱħϰ Ф ̱ д  е  츮 ڿ  ƿ!!! ο ؾ Ǵµ  1ǽ ϰ  Ф  ̱     ׳ Ϸ ä  ̳׿Ф װ  ׿Ф    ư  ִ   ٷФ ׷  ϴ    ¥ ΰ, ູ    ̴ϱФ    ̴ٸ 54321,,  5  ٷ ̼Ҹ ! и ڱ׸ ̶   ζ ܿ䤾 ƿ!"
1835,  ʾҴµ λ ʹ ̾Ƽϳ... ª λ پ  ޾ .. ׷ ƾ    λ ູ ؼ...  ִ   ƺװ  ׷   ⼭ Ǯ ϴ
1836,ִ 󿡼  ޴ ູ     ȥڶ      Ѵ
1837,ڰ ʹ
1838,¥..ڰ ʹ..
1839, ؼ 1 ϰ   Ҵ   Ҿְ ϰ ͼ  ڻõ ϰ      ̿ ٽ Ͼ    ൿ  ó   Ͼ 𸣰ھ ٵ     ٽ Ͼ? ʹ    ƹ ȳ ʹ ..
1840,"  ƹ ˾ ʰ ־   ƹ     Ŀ ̶  ϰڰ ٿٿ س ־  ɵ鵵 Դ ߿ϰ    ̾  ְ ִ   ϳε ƹ͵   ȥڸ ϰߵ   뽺 ܷοƹ͵   Ƿ Ѱ ƴұ     ǿ嵵  ְ ; ׷ ϰ ֳ?   ݾƿƹ Ƿ ðִٰ, ϰ ִٰ Ըָ ȵǴ ǰ?    ̷ ȥڸ ־ϳ?ú   ó Ŀƹ       ̾ 䳪 ȥ ޸ ִٴ  ڲ  ܷӰ ؿ䰡̳  ֺ    ϴ ģ ȱ׷ µ, ° ̷   ƹ  ߱ó ܷο ü  ӵɱ"
1841,D-100 е е ȭսô
1842,     ູູ ̷ ġ˴ϴ. ̿   ٸ  ƴ ٶԴϴ. ٶ  ٶٸ  ϰ ִ  ٷ鿡 ̳  ħ  ̿ ̴ϴ.ſ  ġ ִ  ڽ ݾ ϴ ѳ ó
1843,б ϰ  3   ϰִµ ιް ... 
1844,ٰ  ΰ װ ູ 縦 ϶   .
1845,Ѿ ƿ.     ġ  ϱ.
1846, ϴÿ   ٸ  ŷ..   ܷӰ      ʴ ȥڰ ƴ϶ ַ ŷ..
1847,ʹ   װ ظϰ   ׷  ذ   Ÿ    ູϰ ִ  ̿µ 鰥  ڰϰ ǰ  ᱹ 츮 翡 ϴ  Ǿ ذ ;   ̻  ذڰ ̿ϰ ; ؼ  ̿ϰڴµ ¼ ʹ Ͱ   ʹ ̾ϴ ׸  ׷  ġ    ġ Ǿ  ʾƿ   ó ູϰ ݾƿ ¼ õ ƴ Ϸ    ູ߾ ʹ ̻ ŵ   °    ʹ Ǽ Ϸ ߾  ͼ   뷡  Ҹ   ǰŵ ؿ ; ׸ ̾ؿ   ظѴ.. ׸
1848, ѹȴ Ʈ  ø  ö׿
1849,  ذ  ߾θ ܵΰ ⸻翡 ؾ߰ڴ.   ..      Ұž ߴ!
1850,ܷӴٰ   ؾϳ
1851,ٵ ȭԴϴ
1852,  ִ ̾  Ե  ־µ   Ŀ        ó  ڴµ ħ뿡 ѹ¦      ̷ǰ  2°ε  Ͼ  ʹ 
1853,̷     ڴ
1854,  3 ҽϴ  ô  ־  1  ⸦ ϰ  ߽ϴ( ϰ  㸮 ° ۵Ǽ û ̰   18ð ̻ ϴ Ƿ ?..  Դϴ) 2    ٴϸ鼭       ϱȴٰ   Ⱦ  θ θ԰ װɷ ο θ ̰   ģ  µ Ѽ ȥ   ־ϴ   ߾̳׿  3 ڿ   Ⱑ     δٰ ϴ ٵ ̹      ؾ Ҽ ִٰ ϴ ࿡   θ԰  ߴ 2 ʹ ǰ ɰ Ƽ ʹ Ҿմϴ ׳ Ҿ ĥ ƿ ̹  տ ־  ҾѰ ƿ ٵ  ſ     ϰ  ߸ѰŴϱ..׷  ҾѰ ƿ ׳   ߸Ƽ   ߸Ѱ Ƽ ʹ  ׷    ް     Ծ  ʵ   ϰ ڰͳ׿    ޾ƿðԿ ׸  ø ؿ  оּż մϴ
1855,4° 뷡 .. ϴµ ڱ Ŭ
1856,"׷, ׶ ׽ ʿ ߾ ÷þ Ҳ.  ߾      Ƶΰ    ϳ  ߾Ұ."
1857,˰  Դµ â  ..ٵ  
1858, ϷϷ簡 ġ  ߳    
1859,"  ϴ´ 귯 ʴ´ ׷ϱ ʹ ӻ  å  ϸ ȴ 鸮  Ǵ     ´ٸ и    ãƿ ̴ٱ׸ ּ ߴٸ    Ȱ¦ ǰ  ̴ٸġ    ȭó.1   ε ġ  鸮 ΰݸ , ݸ  غ.. ߺ  ʴ   Ѱ "
1860,  ߶  ڴ 뷡
1861,׳ ̷  ;׳ ̷Ŷ ϸ      𸣰 ޷    ־
1862,"̰ ϱ   ߴŷ ư ƺ  ׷İ,  ׷ İ."
1863,''̶° ϰ  غ   غ  ϱ ؼ  ϸ  ϰ ʹ
1864,鸸ŭ ݾ  ູ  
1865,8⸸ ޷  ѹα ҹ ɲ
1866,װ 鿡  ߵ  µ  ־ ׳ θ ּ  ƺ ưε   ֺ ϰ 
1867,"θԲ  ,   ϳ   ˰ Ҵµ ȥؼ ̸ ƺ ϰ   ִ ŸԵ װ ,¼̴󱸿..     ̵鿡  ʰ å ʰ  ׸ ȭ ذϷ   մϴ ġ ѹ ̸    ʹ  ڱ ưⰡ Ƴ׿..  λ   츮 ̵鿡 ± ʵ ε巴  ̸   ó ɾ ʵ...  ̽ÿ     ڶ ¼ ʰ   ؾ ֽʽÿ  ⵵մϴ.."
1868,ڸ  Ʈ
1869,reasons to stay̰ 鶧   
1870,"~ 󿡴 ,  ;ϴ  .    е  ູ ڰ, 츮  ڱڽ ̷ ƿ. 'Ϸ ? ߾. ׸ .'"
1871,ϷϷ簡 .. ɽ ļ Ծŵ鵵   ̰~~ŵ  ⵵ҰԿ
1872,ʵл:... ??: б  л: ...??: б  л: ....??:Ǹ   ̰ܳ ȸȰ  Ϸ ̰ͺ   ??: ?:ƴ  ̰  ͼ
1873, Ȱ  ΰ ȭϰ ʹ.  ΰ  о     ȥ ̰ܳڴ ʹ ..   Ӹ á. ׳  뷡     
1874,
1875,"  ϴ ༮ϱ?  ̷ ?  ϴ , , , ...  ϴ° ? ϴ°?  ?  ǥ Ӹ  .. ä  ִµ׷ ϰ Ĺ ̷..  뷡 ãµ  մϴ.  .. ߼ ƿ "
1876,ڱ ؿ ϰ ص  ʴ   ʹ ȭ׿. ׳ ִ° ʹ  ׷׿..   Ÿ ø.
1877,ٽ ¾ ٽ ϰ ʹ
1878,  .. ϵ   ư  ִ  δȴ...
1879,    ϴ   Ƴ ϴ   ž... ηϴ  ž     Ѵٸ ̸  ٵ  ٵ 𸣴ϱ   ο
1880, ſ.. .. Ͱ..  غ  ȵǴ..鼭 ̷  ó̾.. .....
1881,"Ȱ  Ư     𸣰     ׿,  Ϸ絵  ۾      10ó׿ϰ ;,  ϰ ְ ¥ Ϸ簡 ׿䡦.    "
1882,"츮     ƽƽ Ÿ , ׷ ϴ  ִ  ԰ Բ ȭ 󸶸 鼭   Ϸ á.    ִ ð ֱ⿡,  Ϸ縦   ģ  ߴٶ ִ ̾ ھ. 츮   ູ ؼ."
1883,̾ .  ׵ Ե   ϰ  ߵ . ׷  ε  Ұž.   ˸    Ŵϱ   Եź    Ȱŵ.    λҰ. ׷ϱ    ھ.
1884, ʰ   뷡 ʹ ڳ..  ٲ!!
1885,  ΰ ູٵ  ʾƵٵ       鼭 ־ٵ...   ʹ ؼ  ʹ   Ҽִ° 
1886, ؼ ƴ϶ ʹ  ؼ .
1887,"ʹ  ٶ ͵ ο ῡ ׸ Ͼ ַ  ðž,   ٲž.ʿ    λ ž, ׷ϱ .ð 귯  '׷'  ʿ -"
1888,ູ. 츮.
1889,¾ ʾҴ  ູ ʾ
1890,     ϴ   Ұ  ׷ ϰ    ̳׿...   ׸  ;
1891,  ؼ ٽ ư   ǰ ҸӴ Ҿƹ
1892,泲 õ ε..ϴ..
1893,ݺǴ ϻ  ݺǴ ϵ鿡 ġ ȭ  ȳ׿ . 
1894,¥   ȭ?  尢
1895,  ĳ     ٸ ..? غ  Ҵ  ٽ Ű.. ʹ Ĺȴ...   ' '  ߴ...
1896,"¥ ʹ װ λģ Ѹ̶  ڴ.  ƴϴ, Ѹ̶, λģϸ   ִٸ  λ̴."
1897,ʿ  ѹ    ״  ־ ڴ.
1898,ٵ 鱸.   ƴϿ.
1899,ð    帣  ż ٺ    . ϴ    簡Ǿ.߳? Ҵ  ƿԴ 1  ׳ Ҵ װ  Ұ ۳  . ֳ? ġ ϴ    ú  ۰  ż ູ ŭ ٰ  ִ ׷ ưڴ.
1900,  츮 ູž
1901,ٵ ¥ Ҹΰ ̰ ù° 뷡  12 45 ̿..
1902,2 ù ߰   Ƹ.
1903, ִ 뷡߿ 𸣴 뷡 2ۿ   ǰ?
1904," 50. ƺ ƹ͵ س , Ŷ ,̰ܳ ϸ鼭 ʹ ̰ܳ ."
1905,ݱ Ѵٸ 'ð  ' ˴ϴ ݺͶ ϸ'ð ̷ ʰ԰?'  ˴ϴ
1906,뵵 ٰ ϰڰ   Ͷ.......     ä Ⱦ...   ƾ  𸣰ڰ װʹ..  ־     ΰ     ģģԶ  Ͱ   Ͼִ ģ    ...   ̹ µ..  ׷  ٶ ־.. ģ Ŵϰ   ° ..    ߴµ... ô Ϸµ  ̹ ְ   ְ  ް   ֱ  ϰ ϰ...   ִ    ¦̴.   ģ   ž   ģ ؼ  ϼ ־  ǥ  ׷  ģ ....
1907,...ȣ... ȥ ƴϾ? õ̶ ѱ
1908,ູؼ    𸣰ڴ ̳ ڹ̵  ° ƴ ¥ ູؼ ..     Ծ
1909,ַ϶Ѿ.  ɹ ص ׻  Ѵٴ° ݴ ʹ̾.̷ ÷ ִ°ž.
1910, ̷ɷ ؾϴ° 𸣰ڴµ о  ʹ ؼ...츮ݿ Ŀ ν̻µ  θ Ŀ ¥ ܷӴ ׷µ  ܷο ̷    Ŀõ  Ȱ ఢϴ°  ¥ ʹ ܷӴ ¥... Ժ  Ŀÿ   ɼִµ  ʹ ܷο ϰ ϰ  ̶ ׳ ڱ  鵵  ׳  ׶ ưʹ  ƹ͵ ϱ Ȱ ߴµ  εϰ ģ̶ ӵ ϰ  ô  ܷοô ߴµ  ̰ɷ ϰ ܷοص Ǵ°ɱ?  ׷ ſ?   ϰִ°ǰ?
1911, ̸ غߴ   հ̶ ܾ ߾. ϴ  ̳׿. ֺ״ ô   .    ŵ..
1912, ¥鼭  µ ..
1913, Ǹ   ...ߴµ.............ƴϱ.......... ̶ ̵  ڶ󳪴 ̵鿡 ʹ ˼մϴ.............     ˼մϴ........
1914,!!!!!!!!!!!  4 30ε  4 30  Ǿ Ⱦ
1915,׻ ĵ  ȥ ϰ  ȥ  ƹ  ˾ְ..    ߸ Ѱɱ?
1916,۳⿡   ߴµ...  ʰ ص ҷ  ŭ ־µ.. ׷    ٽ Ͼ ;  𸣰ڰ  ڽ ʹ ѽ ̰  𸣰ڴ ¼ ̷ ....
1917,  簡 翬 ̺    ǻ̴ ° 
1918, ʹ ؾ 𸣰ھƹ  ؾ 𸣰ھ п  ̶ֵ  ׻    ͵  ǰġ ߿ϴٴ°͵  ݰ   𸣰ڰ ϴ°   ġ ǿ嵵    ⿡ ɸҼִ ģ    峪 ũ   θ ʰϰ ; ޵  ڴٰ    а ִ б 2 ̾  б ʹ־ ׸   Ҽ 𸣰ڰ ϸ ٸ ɵ µ ؾ  𸣰ھ.  ׳ ׻   ϰ ƹ͵ ϱȰ  ¥  п ⵵ Ȱϸ װ         Ҿ 𸣰ھ ʹ ....
1919,    ̷.׷   ̷ ϸ    ׷ ұ    ɽ.     .   ׸ϰ. װ ȵǳ׿. ϰ   ؾ  ̳׿.
1920,ģ ģ  ٸ ׷    ̶   ݾơ..
1921,׻  ִ  ڱ ϱ ʹ 
1922,츮 ѹ λ ̸  ġ    ϰ ؿ  ǥϰ  ״ 䳻ڽ  ƴ  ִ ̼ ׳ ѹ    ٽ¾  ¾ Ưϴ  ȸ  λ ƿ.̴  Ǽ 翬 ϰ ݺ ؿ ٵ ȸ ϵ ڱ  ϰ  ּ䳲 ġ ϰ ؿʹ Ưݾ 츮  ġ ˾ִ  ٰðſ ݸ ƿ 츮
1923," λ ó , ׸ װ ;...б 峭 ū Ϸ  ׵ ȥ ο ..ſ ηƴװ    ;... 뷡 鼭   ƺԿ~...~"
1924, ġ  ΰ  ˰ ?
1925,ʳ׵    
1926,鶧 ãƿ͵ ? ü ΰ  ̷  ׳ ƹ    ͳ׿ ..   ; ̶     ȳ׿ ..  ͵ ƴѵ ..ó  ִ  Ⱦ .. ڻ쵵  ôµ ڻ  ϴ  ʹ ȴ ..   ༭   03.14  ::   Ծ ..>< ʹʹ 絥   е ϱ ̷  ֳ׿ ..
1927,Ѱ   ʹ ..ߡ   
1928,ູսô
1929,     ص Ѱ  ص Ǵ°.. ؾϴ  𸣰ڴ..
1930, ƺ ũ ο ķ ƺ  ģ    Ҷ ̶ ǥ    ɰ ƺ λ㵵 ϰ ִ° ͼ  Դ    ߴµ ¼  θ̶ ũ ο   ƺ  ǳ 濡 Ʋ ڵ ݾ!  ƺ ϱ ?  ڸ     Ѱ ˾ƺְ  ϴ° ʹ ߾ δ ׳ µ Ϸ  濡 Ʋ ִµ ƺ ڿ ϴ°  ۿ
1931,"ϸ ް ູϸ װ λϱ.  λ  ø  ߿ ϻ󿡼 ϴ Ҽ ູ  Ÿ ߰ ū  ѹ澿 Ͷ߸   . ð ذ شٴ , ٴ ƴ  ´ ̴󱸿.  ƺ ᱹ  ̿, Ŀٶ     е鲲 ξ..."
1932,   Ǵ λ̤
1933, ٸ....̷ پ˾Ҿٸ....ٰ Ҿٸ....  ູ.....
1934,"   ʾ ұϰ ϱ   ִٰ ϾԴµ,    Ⱦ. ̶ Ż    ʰ  ߿Դµ  Ѽ ̷ ..     ȭ   ƺ ׻ ޴ ̳ ׳  ĹȾ. ڻ̶  , ƴ õ ߴµ ¥ ̶ پ , ݱ Ƽ  ģ  ڲٸ  ʹ ׿.     ִ   ְ Ⱦ ģ     ...  Ư ʹ    ˰ ϴ  Ÿ  Ƽ ó  ܺ. ͸ ι ׷   ٰ   Ƽ...!   ׻ ູϼ :) ǰϽñ!!!"
1935,"׳  ޷Դ ߴµ,..̸ Ծ,̻󺸴 ε׸ŭ ո  ʳ ʹ..ª Ϸε, ġ ̸鼭,̸Դ° ݴ ηƴ.."
1936,39:05:00
1937,̾Ƽ-ٶ   ߸ ƽ׿
1938,׳ θ  ϴٰ Ÿ ʹ ͼ ϱ⵵ Ⱦ  ε ¥  ΰ ڱ ʹ ϱȴ
1939,̰ŵ 3 2 ÷Ƚϴ. ¥ ~ؼ ڻ Ѵ볲ó Ҵµ  ֳ׿
1940,׳  ް ʹ ׳ Ѹ
1941,"̷ ȵǴµ  ģ ߵȰ  ϰ ȥڼ  ..  ׷   ֺ   ϰ ̷  Ⱦ󱸿    ϸ Ҽ    ƹ    ̰  鿡 ̾ϰ  ̾󱸿,,   ģ ε,,"
1942, Ǽ ؼ    Ȳ ʹ.. ߵ   ׳   ....
1943,װ ;  ...ݱ  Ʊݾƿ
1944,   ٽ  ʾ ھ ƹ 𸣰   ;   ʹ ·ο ƾ ʹ ʹ
1945,ģ  װ ϴ   ģ   β ʰ ..
1946,׻ 1⿡ 1 ޴̰ ϸ鼭 ģ  Ͱ ʹٰ ϸ ƿԴµ  ¥ ģ   .. 1  ߴ ģ ݳ⵿  ģ  ٳ ϸ  Ű  ģ 3²  ڱ ̾ϴٸ ޿°  ģ  鸮ϴ ûϰ ٳ鼭 ¥ ³׿ ٴϸ   ٴ ư   ູѰŰ  ִ ģ ° ó η  ¥ ູ. ׵޴ٴϴ° ϱ ϵ̨ ϰ ߴٸ  ϱ  ִµ ¥ װ ¥ ģ ; 11̼ ٴϴ 7 4 ȴµ ¥  ξ ູϰ  ִϱ  ö󰡴°Ű    𸣰ڴµ ׳  ڽ Ʋִ ģ 
1947, ° ְ װ ϴ ڴ ο  ڵ   ˱...
1948, ؼ    ''   
1949,ູʹ.. ູ¹ Ծ.....
1950,λ óް óְ ѹݺε..
1951,"Ŵ ׸
 Ӱ
̷ ηƴ"
1952,߰ ϰ ְ  ̴
1953,б  ģߴ ģ  ù   ƴµ б ʺ  Ϸ ٰ  ó ư   谡 ƾ  ģ ҽ  ٸ Ȱϰ ģȭ  ģ  ̵  µ    谡 ʹ  ο   ģ   ˰ ż  ٽ ģ  ʽϴ   ̶ ׻ ġ   Ȳֿ Ҿֿ     غ  ִµ ׳ ġھ ϴ        Ű Ȳ  ϴ ͵  ݿ ƹ ʰ ȥ ִ ͵ ʹ  ܷӰ  ٸ ģ̶  ٴѴ ص ڱ  ٳ༭  ڰ       ¥ ϷϷ簡 ʹ   ظ ִ λ  ׸  ; о     ϴ  ʹ  ⿡ 
1954,ġ ﶧ ϰ شٰ!!!!?? ٹð   Ф   ˰  Ф
1955,¾   ̹ ˰ ־ '̹    ҰŰ'˰ ־µ  ̷ ..  ΰ ֱ淡  ߴµ    ΰ͸ 
1956,   ʰ      ø ȥ  ϰ  װ 6°׿  Ѿ ߵΰ ؾ ϴ  ڽ ϰ ư  
1957, λ  귯  ɱ...
1958,  ư鼭    ϴ    Ÿ׿ 46 ̿ ұϰ Ѽ
1959,ΰ ٰ   ٰ    1  Ǿ ηƴ
1961,"б ͼ ù ߰   غ  ̿. ׷ ׷ ٸ    ξ ǰ ξ Ҿߴ.  ƴ µ 尨   Ͼ  Ǯ  ..  ʹ ̾ߴ    鿩  п   ˱ ,, Ⱓ̶   ¥  ޾  ,,  ̾  ƴ µ   70ۿ  ʴ°ɱ ̷ ̿  ̾ ׸   ϴ Ե  ̾ ⸻  غ ̷ ̷  ʵ"
1962, 㿡  ҷ..  Ǵ  ̷  뷡 ־  ؿ    Ǵ  ϳ   Ҽִٴ° ˾ƿ ٵ      .. ׷  ϱ ׳ ϰ ;.. 뷡  ؿ !!
1963," Ӿ ˾ư Ѵٴ   ߿ϱ.    ϰ ϴ   Ǿ ϳ. Ȯ ,,,ȴٰ ƴϿ  ׷̶    ״θ ޾Ƶ̱."
1964,  ֿ° ˾ ׷ ⾲°ǵ ¥ ʹ  ؼ    ̷ ߿   ٽ  ȸ ־ ھ 
1965,  Ⱦϴ°   ַ ʰ óشٴ° ȴ
1966,ູ   ϸ鼭  ĥʿϴ
1967,ģ鵵 ִ θ ⼭ ް ֳ
1968,ֺ 븦    ʹ ģ.  ħ  ߴ  . ̷ ޸  ӿ  ڽ  ηƴ. ó ⿣ ̹   .  ƹ        .
1969, Ѵٰ ߴٰ .. ׳ɱ׳ ٸ   ߾.. 
1970, ̳
1971, ϷϷ簡 ʹ ټźغ  𸣴 Ż¿ ¹𰡸  ǿ嵵    󿡼 °Ǿƴұ ׷̵
1972,Ʃ꿡˻޴µ....̰Ծȶߴǿپ˰ʹʹۼƿ..5лġϴϱ׿2°վ䰨մϴ
1973, ־  ҰžƴϾ߲  µ ׸̰  ׹̾ ϴ°Ŷ  ڴ  ° ̳׿ ٵ  ֳ
1974,ø  Ϻ ٽ  ž
1975,׷   ߴ 츮 ƺ   ظ  ƺ  ϴ    󸶳  .. ׻  常 ϰ ൿϰ  ູ ٷµ. ׷µ  ƺ ʹ  ׷ ൿ ߴٴ°  ̱ .       .. ƺ 굵     Ⱦְ ; ƺ.. ٵ ׷⿣   ʹ  .   Ʈ  ȵǰ ϴµ ƺ  ϴ°    ;.Ф    Ȱ ִ  ε ʹ . ƺ..ƺ  Ź  ô ؼ ̾. ׷  㸶  Ⱦ༭  ƺ   ̿     Ⱦ ʾҴ     .. ƺ  㸶 Ⱦ༭ Ӹ 㾲 ָ鼭 Ⱦ༭    ־.  ƺ ڶ ɰ   ϰ ùٸ  ؼ   ż ƺ  ɰ. ó 츮  ƺ ̿ؼ ̾. ׸   ƺ  û   ..
1976, 5    ŵ ȫʹ ְ  2 ÷Ƚϴ      ־  Ϸ縸  ƺ
1977, ݵ Ұž ž ž ູҰž ƹ  
1978,    Ŵ
1979,  ͵ ߿   
1980,
1981,׾ ູҼ ׾ ٵ ׾ ູ ڽ    ¼ ״° ϰ غ! ̹ ̷  ģ  ؾ... ٸ ¿  ؼ !
1982, ְʹ Ф 帧ٱ
1983,"  ִµ̰ ´° Ʋ𸣰ڴ,,Ⱑ Ǳΰ"
1984, ſ  ϴ  ʹ ѽϴ
1985,"׳ ° ƹ   ϴ  .. ̼   ΰ 䡦.׳ ѹ Ѵ,,ߴ̷   ;׳  ް ;ϷϷ簡 ηư,뽺׳ Ϸ 㹫ϰ °Գʹ ׿ 12̶ ̿ ش  ϴ° Ӹ ƴϰ?   !  ִ  ʿѰɿ䡦  ;ٸ  óູ Ϸ縦  ; ʹ ?׷Կ ʹ ׿ ° ١"
1986,"   ٰ,  ;. ѽ, ϸ,  ,̶  ʳ ߾ Ǹ."
1987,ǥ ̷ ʹ  ϰ ִ  ´ ̶  ڴ Ź  ٽ ϰ ׷ ϱ ȴٰ ص ٽ   ٺΰɱ...
1988,""" ߵɰž""  ""Ǹ  "" ̰  ε"
1989,........................ ¥
1990,  ȼ µ ̷ 㹫ϰ 
1991,ؿ....  ϰ ʹ
1992,I miss im sorry  ƿ ø  ̰ 
1993,ϸ °  ˾ִ» ϳ °..... ° ǹ̰ ִ°ǰ... ׳ ׷ ....  ̼  ǹ̰     ʿ ұ ....
1994,  ƹ 𸣰  ȥ ׿ °͵ Ȱ   ξ ų  ڴ   ʹ ȴ.    ߰ ູô
1995,ο Ӹ ...... ϴ¸ :ʴ¼Ⱑ? Ҷ ãִ»ֱ⶧.....
1996,  .  ϴ.
1997,ҸӴ ? ʹ ;.  ؼ հ 翡 ̷ .   ð  Ѽ ̾.. ʹ     غ
1998,   Դµ ʹ ƽ׿ ¥ Ф   ̾µ
1999," 絥,װ .. װ,޻ ,  ް, ϴ    ù ִµ,ù ٸ ģ ֵ..."
2000,". ׷.ʸ ׷ Ƴ. Ǽϰ ˸ ó ΰ ϰ,ϰ, ;.  ص ǰ, ص ǰ,  ׸ ٽ Ͼ ƿǤ õص Ǵµ    Ƽ װ  ڸ ƿ!װ ִ ڸ İ? ϸ    ϰ  ȯ ̼Ҹ   ڸΤݵ  ϰְ ؿԱε Ұž  ٽ Ͼ ־!Ұ~"
2001,   ڽ    
2002,õ 츮 ȭ!
2003,   ֺ   ô..       ʹ...  .. ̷ ..
2004,ȭ ھ  ҸӴϰ Ǿ  λ ʹ
2005,    ̾߱ ϸ鼭 ٸ      ְ ִ  õ ѽ 
2006,Ǫ   ƹ 𸣸鼭   ϰ °ɱ   ƹ 𸣸鼭 ϴ ô ϴ° ʹ Ⱦ
2007,̾   Ҽִ° µ  Ѱ ϳ ؼ   ʰ ;
2008, Ϸ ϴ ΰ  ̷ ĥ ˾ ۵ ٵ ¥  Ϸ縸  װ ʹ Ϸó
2009,   ̰  ϸ   ¾     Ȱϱ....   ̷ η .....    ΰ ʿϴ  ¾ ʾҴٸ  ̷  ¾ ʾ....?   ü 𸣰 ְ η ̰ܳ߸Ѵ װ   𸥴 ׷ ̰ ϳ Ȯϴ 츮 迡 ְ Գ ̷ ְ δ  ̷ ĳ߸ϴ Ȳ̴ Գ  ֱ ̰  뷡  ϷѴ....
2010,   ϴ   ƽ  繫ġ   㳪 ϰ  -  αԿ
2011,   оôµ ʹ    ָ鼭 ϸ鼭  ھ... ϰ ִ° ʹ ̻ѰͰƿ   ׸  ģ  𸣰   ģ ߸ؼ   ߴµ °   ϰڴ߰ŵ ׷  ̷ ?ܿ 1⵵  ʾҴµ  ϰ ߴ ׷ ̶ ׷Ű   Ѵ  Ǿµ  ʹ  ī ö ģ پ˰ ȥ ϰ ִٰ ٸ ΰ ˰ ٽ  ̰ ݺǴ ʹ ׿ ֺ ο ģ  ϴµ    ϰھ ٽ ̷  ұ ٽ ̷ ̸  ...̰ ù ̶ ׷ǰ  ʹ ٺ ƿ ڲ   ٵ ׿߿ ģ  ģε  ѰͰٴ      ̷ ص ƹ ٳ    ׳  ѱų ο ģ Ͷ ׷ ᱹ ̷  °Ͱƿ   ⸦  ʹ  ģ  ?׸  ģ   ߸𸣰ھ....... ģ ϰ  ־  ģ ༭ ٰ  ī༭ ٰ ʶ ִ  ູߴٰ ʶ ٽ ģϰ ʹٰ  ưʹٰ....
2012,
2013, ̶ ʿ
2014,׷ ݾƿ ° ׾ƿ ģ  谡.. ģ..  ϴ µ ൿ   ȥڸ ׵  ־  ׵鿡  ׳ ƹǹ̾  ߿ ׷    ȭ   ׳  ʹ ؿ 
2015, ׳ ¾ ʾҴٸ...̷  ʾٵ
2016,"ݱ    ƿԴٰ ߴµ 鶧 ι   ϴ ͵  
 ƿ° ´° Ͱ װʹ ϴ ʹ ٰ ޶ ϰ Ͱ
ǳ  °͵  Ʈ ȹ  п  ġ Ʈް
ؼ  ڰ ̷  ϴ  ʹ .
 ° ¥ °   Ѱ  Ϻη Ϸ ϴ°
¥ Ѱ    Ѿ .
° ʹ 絥  ϰ  ׷ ϴ° ʹ ؿ.
ģ   ƹ  µ ̷  ѽϰ ڽŰ,   
׷ ȵǴ° ƴµ ڽ  Ƴ ſ.
ְ  ׷ Ʈ ޳İ ϴ 鵵 ʹ Ȱ
 ִ  ʿѵ ׷  ° ʹ ۿ.
׳  Ǵ  ."
2017, ߴµ δ ° ġ ູ ;  17ε.... ؾ ..
2018, ȸ ƺ
2019, ڱ ̺뺸  ģ ˰ ȯ̾..   ڰ ε Ż ȸ ȵǳ׿..
2020,   4ϳҴµ  θ   ʾҾ.....׻    ־ ൿ ű  ...׷   ȳ ̷ Ȳ  ҽϴ    ؾϴµ  ʰ θ ϰʹ ϰʹϴ  ʹ ѽϴٰ  ϴ   ȵǴµ ɸ ʹ θǾƴ  ̷ ̷ ѽ   ڽ ʹ ̿ϴ   ߸Ѱ ׷    𸣰   ... صǴ ڰ Ǵ ǹ̰ ʹ ȥ ̳뷡   Ǿ  ʾ    迡  غڴ    ѹ ϰ ּż մϴ^^!
2021,"ġ   ߵԴϴ ߰ ūϳФФФ̤̤ФФ 2 Ҵµ ǳ  2ñ ī ְ,, ʹ ,, ФФ̤̤̤Ф"
2022,ູ ڴ  ġ ߾ ġ ̾
2023,Ŵ ׸ Ӱ̷ ηƴ    ־ Ǵ  Ϸ а ʿؿ.     Ⱥ     !
2024,¥..絥.....
2025,3° ʹ ...   ÿ ׿..
2026,Ǵϵ  ģ     ǳ ..  ̰ ƴѵ.. 20ε   ̷  ϴϱ Ұ͵  ʹ ׿..
2027,     ִ
2028,Ȳ   ã .     ߰ϱ
2029," ִµ   ̷ ҰͰ ʹ  Ұ 1  ֺ  ' Ŀ ~ɰž, ~а '  ϰ ϰ ٴϴ µ ̶ 庮 ٵ  Ѽ ̷  ٲ ׵ ϸ鼭   ʹ ȴ. λ ־ 3  ߿ ñε Ұϰ ε ϰ żź ϴ  ʹ ѽϴ."
2030,ٵ   ? 
2031,  뷡  ̴±
2032,   Ⱦϴ   ߸ߴ 𸣰ھ
2033,⸻ ߰ ģ   ƺ ο ¦ ϴٰ ġ ׳  Ѱ 
2034,ͳ װ͵   ϴ  óΰ  װ͵ ƹ 𸣰 ߾
2035,(3) ̰() б µ Ⱓ̶  Ծ..  ǳ ο.. Ѽ  ǫǫ ϼ..ƺ   ..  ƴ   صǿ....ڲ ¥ ..׸ ɰ.. ó  ׸ ɾ .. ..  ʹ  ǰ  ̿.. ?  صǿ..  ̰ ; ̱ 鼭   ̿׿. ູϼ
2036,ڿ ȭ   ũ ˷ֽǼ ֳ
2037,"ȳϼ  ҷ ڻõ߾µ  û Ʈ ڻõ ־ ģ  ڻϱ Ʈ ʹ  ϳİ.. ߴµ ģ ׳ ""ƹ ڻõص ڻص  ʰ翡  ׷ϱ  п ȥڸ ð.."" ׷  ̳뷡    ̳뷡  ̳뷡  » ֱ ϰ ߽ϴ ̳뷡  մϴ."
2038,    ޾ҽϴ.  Ȱ ư غԿ.
2039,  Ҵµ..     ٳ׿..Ф
2040," ߿ ... 㸸 ,   㸸"
2041,ȥ ִ°  ͼѰ ?
2042,   ׸ ׸ Ÿ   ׷׷⿡ ᱹ   .
2043,ʹ ؿ  ° ׾ ƹ ߾
2044,ΰ ߿  ƴµ Ϸ ¾  ƴѵ
2045,"1 ,   ׸"
2046,  ⼭  ڰ   ׳  ǹ    Ϸ ٰ  ʾ
2047,صȹϾְ Ʒλϴ¼ ӸѴٰθѴٰģ¹𸥴ٰ ϶°ǵ Ҽִ° ֿϵ⸣ǻϴ°Źۿϴµ   ϶µ ϴ  ̻Ѱɱ»ϰԵȴ 縸ŭ    ٻ   
2048, ϴ Ÿ ٸƳ
2049,   ׸ ͳ׿ ϰ    ƾ ġ׿
2050, ȭص ڿ ȭ ص ̸   Ҽ ׵ װ .... ģ ʰ ִ ģϳ ;
2051," ""ؿ"" ߰ 1  ,, ù ° ٽ   ƿ´١ 95 96 100 100 100"
2052,ڿ  ڿ ڴ. ڵ ڴ. ڴ. ϴ  ¥  ϴµ ¥ ̱̾ ׳  ֶ ϰ ģ ϴ  ڿ  ϴ° ¥ ¥  ؼ  ̴° ¥ ȴ.   ֶ ϴ ..  ġ ڴ.־̾߾ ϸ鼭...  ߿  Ⱦ     η򶧹 ȵŰ..׷   ϸ鼭  ɸԵ...
2053, ߵɰž
2054,..  .Ͼ..
2056, տ  ߰ ִµѿ Ȱ   ʴµؾȰ ַ  ߴɱ...? Ȱ  ..ٱ...?ұ...?
2057,ų  Ǽ ߴ    ִٸ
2058,ٵ ư  ãҴص ׾ϴ  ã̳?    ΰ?
2059," Ư ̶   ɷ ̶ ޾Ҵ. ׷   ̸ س   ̶ Ѵ. ٵ , ׳   ڴ.  ɷ  ڴ.   ġ   ִ  ƴѵ.   ȯ濡    Ǿ߸ Ѵ.   ٰ ص  ƽ    ?  Ƿ   س̴µ  ڸ  . ° ູ ʴ. ⿡ ϸ    Ƽ ܿ."
2060,"....,,,,"
2061,: 1:51:56 ٽú
2062,θ ε   ް ģ ġ  ݰ
2063,ڷγ    ٲ ׿....ΰ ϸ Ҽ   ׷ ϰ ;
2064,2ֵ Դ  
2065,¥ ʹ ..ΰ Ҿ°Ű..
2066,ġװ    ˾ ھ....
2067,  ִ.   Ѵ.
2068, ݱ 뷡   ߴµ 
2069,INFP Ƚó
2070, 뷡 ϳϳ  ͼǻФ
2071,<3
2072," ٰ ״° ƴ϶   ʾ ״°Ŵ١[ó] ȭ. EXTRACTION. ͽƮǿ츰 ΰ    ִ.     ٽ   õؾ ٽ Ͼ  ִ    ִ° ƴұ? ġ..  鿡 () Ǵ   پ ,  õ ϴ 츮 ȸ  ߸Ѱ ƴұ?- ٵ   ̿.  װʹٸ,  ϰͰŵ ٽ õغ.ó ѹ ..ѹ ....׷ Ͼ  ־.  е ľ  ̿. ȸϰ Դ   Ͼ!      ־.ٽô ľ    ־.  õغ. е ־츮  ູ  ϴ°ſ.   е ҰԿ. մϴ. -"
2073," , ۿ , װ ; , ϰ  ʾƿ ????ġ   ϰھ"
2074,"  ºе    󿡵 Ű .?..ƿ..̰ܳ־... ִ  ϽǼ Ǹ  ϼ־^^....13 ...  ణ 鸲̶ ϰ ̰ܳ ־ε ູϽð,ð !.... ̽ñⰡ Ӱ,뽺鰭ſ!...."
2075, í
2076, ڽ Ȱ ڽ Ӱ׸ ϴ  
2077,⸻ ʹ ׿...  ð (ؿ ð)   2 40...  ִϴ..
2078,ŷ ưʹ  ֱ׷  ȸϸ鼭  װʹ ̷ °ɱ 
2079, 1:51:56 1:51:56 1:51:56 1:51:56 1:51:56 1:51:561:51:56 1:51:56 1:51:56
2080,Ͽ  12:45 ִ°  ٷ Դ ̰  
2081,"б 1г 2б  θ ó ߴµ   ܿ  ģ , 2޺ ߰  3ð ڸ鼭   ̴. ȳµ ᵵ  ڰ, ģ ģ̶ ־⸸ ϰ..   𸣰ڴ. ׳ ĥ"
2082,ݾƿ  ׳.. ؿ
2083,
2084, ̽δ° ƽ ׷ 뷡 ̳
2085, ȥ㸻δ..  ʹ  ġ װ  ʹ ܿ ̷   ģ °Ű  ģ  ϰŰϴ 29Դϴ ʹ    غ   ٴ ۳ܼ ̾ؿ   Ѱ ΰ ϴ   ̰ ֺ̰ ̷ϸ  ŷ   ϴ°Ǵ   ŷ ٴ Դ   ϷϷ װ   ̿ Դϴ ̳뷡 ´   ϳ  ׷ ʹ     Ϸ  ȥ  ֽϴ  ġ׿ ٵ ļ ۸  ˻ 뷡 ź 鵵 ſ   ߾ 潺 ϷϷ  ӿ մϴ   ;  ߴܸ ϳ ;  ̿ ׷ ģ ׿ ٵ ູϼ 
2086,ϴ
2087,  ΰ ƴϵ ڽ ϳ Ѱ ִ°  δ ƴҰſ     ̷  ̷  ִ° ƴұ ࿡ γ  ٰ Ÿ 谡  ϴٰ 峭ų  ڻ?̷ ҰŸ ׶ ηϼ ηִµ  ߿ ٸ  Ӱ  ϴ°Դϴٱ׻̶    θ   δ ڽ  غ°͵  Ͱƿ^^     ⸦
2088,2 ù ߰ ε ġ
2089,1:51:56  ֱ
2090,   λ   ͵ ƴ  ̶    س ִ
2091, ̻  ְ ̰ ʵ   Ϸ縦 ǹ̾ ȭ... ׸   ִ°ɱ׿߿ ߿ ܷοϰ ȸ ٤۳⿡ ̷̿
2092,ؿ...
2093, ̾    ׻  
2094,6...ȸ  غ
2095, â  2022.. ФФ
2096,   ᴫι ִ䵵ԱȾ.쿬 ư 鸸Ʈ     ұ⿡ 츰  տ δ ƾ
2097,50:42  ̷ ɱ.  ݸ ߻ αⰡ . ڶ  ʹ  .    ִ ɷ ִٸ. ¥ ϰ    ׷  . ٵ  ¼ھ   µ
2098,͡ ̴١
2099,ؼ Ѱ Ƽ... ϱ Ⱦ  װھ...
2100," ʹ ƿģ,    ģ..   ǽɽ ¥   б µ   ְڴٰ, ڽŰ  ߴ ģ ڱ ڰ ϴ󱸿. ʹʹ  ģ鿡  , и ģ  ߴµ   ʹ Ѵ ̷  ģ ϰ ߴµ   ģ  ģ    ģ   ϰ ٰ   ޶  Ѱſµ װ   ߴ󱸿.  ģ ī ͼ ڱ ⸦   ؼ  ٰ ٵ     ģ ⸦ Ѱ ƴ϶ ϴ  ,  . ̷  ߴµ   ߱淡... ׷..    ִ...  ¥  ƹ  Ե     ϴµ   ƹ  ʹ . ¥ бⰡ Ȱ װ;   ٴ° ̷  . ٵ      ߸  ó ...  عٴ ġֳ׿.. Ⱦ Ϸ  ְ ϵ Ȱ   ߾... ʹ  ¥"
2101, ó   
2102, 10⸸ ٷ ؼ ò
2103,  ʾ ڴ
2104,   ġ
2105,1:51:55  
2106, θ԰    ȯ濡 ¾ ڶ ֺ    ٶ ʴµ  ڽ ̷   ؼ ̿ϰ ϰ ֳ׿. ƹ   ϶  ʾҴµ    ϰ ֳ׿. ׷ ȥ  ϸ鼭 . ׷  ذ ʴ ° ˾Ƶ ׳ .  ׷   ѽؿ. ѳ  Ϸ  Ͻô θ ؼ ؼ ȣ 帮  ׷ ź ʳ׿. Ҿ ̷  ڽ ϳ ɾ ϰ ֳ׿.  ϳ
2107,մϴ
2108,ູ.
2109,ڱ⿬ο .
2110,    ִ ģ ٴ  ....
2111, ູ  
2112, ް ʹ...
2113,ٰ ãƿ ȸ 112̶°  ū ġ  ãƿ  ϸ..
2114,¿   ø Գĸ  ߿  ִµ ̾  ư   ߸ ƴϱ⿡ ſҰ ִٸ ۿ   Ծ  ִ  ٽ   մϴ ٵ ٽ ϼ
2115,ູž
2116,ѹ غ ߴµ ڲ  ߸    ͵ ƴѵ   ... ׷
2118, ̷ ʹ η 
2119,̰ ȭ ó    ??
2120, 簡   ˾Ҿ ׳ ɸ̶ ˾Ҿ. ̾ ׳  ƹ ϱ ׷Ը ˰ .  ɸŷȰڴ. ̾  ӻ ̷ ǰ     ׾ ȿ   ϴϱ ׾ ȿ ׳   ̾ ׳ ģַ ˰ ־  װɷ . ſ ׳ ģ ׳ ׷Ը ˰ ־.
2121,    콺  ؼ  
2122,3ε   1  ؾѴٴ° ʹ ӳ׿
2123,׸ϰ;.
2124,뷡   뷡  ؼ 
2125,¥   ¾
2126,ð ̰ 
2127,:)
2128,׳  
2129, ߴ ޵ ̷Ͱθ û ϴ°͵ ƴѵ °ǰ ֱ׷ ٵ
2130,õ 
2131,̶ູ 
2132,  ¾ ƴѵ
2133,  16ε  ٸ    ٵ  ־̾    
2134, ̸  Ф
2135,1:51:56 ٽú
2136,  ϴµ  
2137,뷡 Ʈ 
2139,  ܶ
2140,ᱹ     ʴ
2141,1:56:51
2142,ƿ
2143,ϰ־
2145, ƹ 𸣴  ʹ
2146,
2148,ڲ    ?
2149,~ ־  ƴ ؾȼ İ  Ÿİ     ΰ ~̳췡 ƴﰰ     !! Ŀ  !!!>.<
2151,  ġ ϰ  
2152,̷  ڽ  ... ̷ ʴ  
2153,  3ε ݺ  غϸ  а Ѱ??
2154, ؼ  ƿ´
2155, ִ ٴ ̶  ȹٷ  ϰڴ
2157,躸  ٲ..  ϱ
2158,ΰ ̶  ´µ ȱ׷   ¾ . ...׷    ΰ ... и  ε̴
2159,1:13:26
2160,"̰ ƹ ε.... 08 1  ε, , װ..Ӵ     ̷  ϴµ.. ׷ ..   ͿԴµ..Ӵϴ ׳ ٷιٷ Ÿ..б յ ƴ ׳ ..п..¥¥¥ ....δ ص ߸𸣴  ٺûΰ..¥  ̷   ȴ..ٸ  絥....̷..¥..װʹ..  ü  η    ,.. Ӵ  ص   ϰ..¥ ҿ ִµ  ʰ ..׷ ǰ    ų ׷ ־..  װŸ  ٸ ҿ ְ..Ʈ츶 ̰ܳ ..¥..¾ ʾ ѵ.."
2161,б  ߰ 16 ⸻ 100 ° ´
2163,ո    ͷ  ˾ 츸  10ƴ 20 Ű  Ƿٸȣ ʰ   ɾٸƮ 󿡼 θԿ ȭ ϸ λ縦 Ѵٸ   ˾ٱ ƴ ʾٱ͵  ˻  鼭 ϴ   ̻Ѿַ ΰ ַ ɸ ַε ε ʰ  ٱ   ʹ ׷     ؾұ   15ۿ ʾƼ ̰ ʹ ſ    ࿡ ٸ鼭  ׷  ϰھ  Ǿ  ༭ ̷̾Ÿ λ絵  츮 ϰ ¾ ɼݵ ڰ ̻Ѿְ Ǽ ̾ؾ 絥 ڲ  ̾߱⸦ ؼ ̾س   𸣰ڰ  ¾ 𸣰ھ ׷ ̾س ƺ  ̾ش  Ȱ  󸶳  ״  ϰ   ž߾϶  ƺ ̼ տ ȴ°   ״  ̾߳  ٵ ׷  ٵ ̾  ¾ Ҿ ߴµ ڲ ̾߱⸦ Ϸ ؼ ڲ Ϻη  Ѱ˻ ļ  Ÿ °͵  õ ̾߱⸦   ̾߱Ⱑ ؼ ̾   ׷ٿ ׳ ¾ ɱ׷   Ҿ ƾ 浿 ̿ٴ°Ŵ  ˾ƿڲ ϰ ǳ׿ ϻڸ ٷ  ױ⿡ η ʹ ũ⿡  ٷ?
2164,"ģ οµ ؼ  ,"
2166, ¾ ; ¾ ƴѵ Ф
2167, ϴ    ְ?
2168,....ģ......
2169, 1:51:59
2170,ù°  ι̰
2171," ϴ ģ ¥ .  , װ   ."
2172,  ڳ....ڰʹ
2174,"̷,, ̷ ˼ִ ɷ ־   ̷ ־ ?"
2175,
2176,
2177, ̷ ִ° ´ 𸣰ھ
2178, ʹ . ϸ鼭 ׳డ ....׷  Ȥϰ   ϰ־...  㸮  ո µ...  ?   ʹ ....
2179, 150  Դ
2180, ߸Ѱ ϱ  å 
2181, ̷ ڽ ʹ  ȵ ȴ
2182,⵿ ϴ ģ μ޿ ѹ  ʹ ܷӴ   ȳ... ǳ   ְ  پ ǪǪ..
2183,   
2184,߰ϰҰ
2185,..
2186, Ӵٰ ʹ ҽϴ ſ µ   ˴ ູ ̰ ƴϴ ʹ ҽ 
2187,   ʴ´!
2188,Still with u 鸻
2189,  ʹ
2190, ϸ  .
2191,ì˴µ  ì±..
2192,   ߸Ѱ ˰ְ ׶ ǵ°ǺҰ    ູ?
2193,"  û  Ѱǵ...θԵ ׻ ׷ô. ʴ θ ؼ ׷  ϸ  1   ִٴϱ? ̷ôµ ħ  7 40п  ð ä  10ó 11ÿ .ù   ,   Ѵٰ.. ϶   ."
2194," ̷   ִ ھ  Ӹ ̰, ѰǾ.."
2195,׷ ־? ڻϸ ֺ  ɻұ ϸ鼭 ȥ ùĵ°  ׷ ¥ ѹ ƹ 𸣰 غôµ  
2196,ʹ ...
2197, ݵ ϰ ־
2198,    °   ״°  򰥸
2199,01:51:56 ̰  ٽú 
2200, ?  ڴ...
2201,ƽϴ б  غ   ܰ бͼ عȽϴ б η   ʳ׿
2202,Ȥ ۾ü  ˼??
2203, ģ ׳ ...
2204,1:51:56 !
2205, Ѵٰ  ΰ ް 򺸴 ʳ׺ ϰ Ǹ  ǰھ
2206,Ƴ׿  ̰..
2207, ¿Ǵ..
2208,   ̷  ޷
2209,  ǥ һ ̶   ġ ׷ ݾ
2210,Good
2211, ƺ          ־
2212,㿡 ȥ ..
2213,"    ΰ...   ó ְ, 밡  ó ޴µ     ڱ⸸ ϴ  ̱...... ˾ƿ ҷ  100 Ծ ȵǿ... ȵ ...׷ ູ    .....  ε... Ҿ ,   ׷...... ׷  ԰ 谡   Ҿ ׷    ... ׷ ȭ ȥ      ȭ Ծ...    ȹ޾Ҿ.. ȥ 30а  Ÿ  ͼ     뷡 鼭   þ.׷         . غ θ  ȾѴٸ ų ....̷  ڶ  ,   ִ ,   ִ       ȴ޾  ݾƿ? ׷  ֳ  þ....    Ѱ..................... ؼ. ׷ p  ԰ ٽ  ʵ.. װ Դϴ. ̷ 鼭 ݼص 2  󺹱... ΰ ȱ׷   ׷, ׷    ̶ 츮   ƺ "
2214,Ƴ׿ 
2215, 
2216,  ;
2217,԰  ƴ϶    𷡰 簡??
2218,  ؿ. ٵ     õ ؿ.     Ǿְ ؿ. ׸   ι Ĺ.   ̿. ̷ ϴ  ̿. â ƴ ׵ ̼Ұ .  ǽ Ҿ     Ҿ. ׸   Ѿ .   Ⱦ.   ˰    ׾ ؿ.    θ .޿  ո ߾.  Ǹ     ޴޷ ְ. 뷡 Ҹ  ĿͿ.  ̰  ۴̸鼭.     ִ  °ɱ.
2219,ϴϴ  𸣴   ް װ͵ ڶ İ ø  ް ֳ
2220,    Ȳ ݾ ׳  1 ڴ  ΰž? ׻ 2 3 ̷ и° ...
2221,1:51:51 
2222,30߹ݿ  ؼ .  14õ .¡ 2 ٳͺ ȴټ  . źڿ . ϴ Ѵ 絵 . ȴٸ Ѱ. Ͽ ؼ ϴ 8͹  Դ°űװŸŭ Ѱ  ϻ ǾǴ .
2223,׳  ϰ ʹ
2224,  ...??....Ф
2225,"16, â  ̿ 2  ̿ ѷ׿ ΰ  ϱ ϴ   ϷϷ縦 Ƽ  ȴ."
2226,sasha sloan - dancing with your ghost  ƽ
2227,Just happy
2228,1:51:55 
2229, ٵ ູ !!!!!
2230, 
2231, Ǵ° ׿...
2232,? 
2233,1:51:56 
2234,36:08 ѱ 鸮淡  ˰ ѱ ôµ ƴϳ 
2235,2:00:00 
2236, ڲ  ٸ ھֶ ̾߱ ϰ   տ  ȯ ϴ ɱ... ÷  ٰ   ȳ.
2237, ص    ´  ϴ³ ;
2238,   뱸 ׸ iƴٳа  ѱ 嵵 ľзȰ° 2015 ־.ū  뱸  ֻŷ ־.5 ̻ ϰ ؿ.ȥ   ܷο ä
2239,̷ θ ϴٰ  ϶ θ ϰֳ
2240,1  ԳԴµ  ̷
2241,⸻ ϱ⸦
2242,߸ѰԾ°Ű ִٵ  ?
2243,
2244,   ְ ϰ ּ ߿  ѹ ŹҰԿ  Ե ƺ ϴ Ͱ  Ŀ ϰھ    ּ
2245,̻ ʾ
2246,װʹ  峭
2247,.
2248,ؾ ϴ°ɱ
2249,   ³?  ڰ ֳ?
2250,   3° ֽ
2251, ־ ƴ װ ־..
2252,LOVE IS GONE
2253,ް  1..
2255, ñϴµ  ڱ غ;.. ̼ε...
2259,"ڰݸ 1, ٴ "
2263,׻ Ұ  Ӵ.
2266,ӻϴ  ߸ 
2267,ù    ǥؾ ϴ 𸣰ھ 
2272,1:51:52
2273,1:57:51
2274,2:00:15
2309,1:51:51
2311,1ð 30 ״  µ ڲ Ÿ׿.  ׷ ⵵ ϰ..
2312, 
2313,츮 ΰ ٽ   ãƿ ٶϴ.
2314,10:00:00
2320,1:56:55
2321,  ̿ ƹ     ?
2325,2022⿡  ||||^
2327,ž
2329,1:56:58
2330,1:51:57
2334, ؾ   
2339,1:51:50
2344,׳  ȴ
2353,1:56:59
2360,ʹ  װ;
2364,3:00:00
2365,1:52:56
2366,1:51:00
2370,1:51:54
2377,1:59:59
2379,1:52:00
2383,51:37   󸶳~ 󸶳~
2385,ϴ´
2386,1:51:55
2391,2:00:00
2392,Ʈ  ..............  ϱ ......
2393,߾ֽ
2394, 1245 ϰԴ
2395,⸸ϼ.
2396,"Ƴ.,...   ......Ф"
2397,"Ͽ  ־ Ծ,,,"
2398,ۺߴµ ڱ??? :  ù̸ֹ  ..
2399, 
2400,  ̰ ̳
2401,    ǽߴ
2402,ȣ ֳ
2404,"""٤ФФФФФФФФФФ"""
2405,λ ־̳
2406,1:51:56
2407, ̷ ΰɱ
2408,  ø  ٳ
2409,......
2410, ̾
2411,12:33
2412,32:35:00
2413,  ϴ 𸣰ڴ
2414, ̾
2415,2:59
2416,2021 11 4
2417,츶
2418, ٵ ׸ ̾
2419,0:00
2420, 
2421,0:01
2422,.......
2423,   ּ   Դµ ׸    
2424,
2425,
2426,
2427,ʹ ϴ
2428,̾
2429,!
2430,... ̿....
2431,
2432,rns
